source,page,title,url,date,content
https://e-info.org.tw/taxonomy/term/5,0,禁廚餘養豬，全台每日2000噸廚餘去哪裡？ 四個問題看環境部最新盤點情形,https://e-info.org.tw/node/242382,2025-10-23 21:15,"台灣新聞
禁廚餘養豬，全台每日2000噸廚餘去哪裡？ 四個問題看環境部最新盤點情形
2025年10月23日
環境資訊中心記者 陳昭宏報導
分享到Facebook
分享到Line
分享到Twitter
環境資訊中心記者 陳昭宏報導
台中昨（22）日出現疑似非洲豬瘟案例，農業部全面禁廚餘餵豬，環境部今（23）日表示，台灣六成以上廚餘進養豬場，禁止廚餘餵豬後，全台每日有近500噸的廚餘無法再利用。台灣每天產生2000多噸廚餘要往哪去？《環境資訊中心》整理四大關鍵問題，帶你看環境部的最新盤點狀況。
環境部表示，養豬禁餵廚餘後，每日約有495噸廚餘無法被再利用，只能靠掩埋和焚化。圖片來源：本報資料照
一、禁廚餘養豬前，廚餘會被送到哪些地方？
環境部環境管理署今日對外盤點廚餘流向。台灣每天產生2115噸廚餘，當中有1324噸（約62.6%）用於養豬，是去化廚餘的大宗。
在22日禁廚餘養豬前，由於煮熟的剩飯剩菜適合豬隻食用，會被送到合格養豬場高溫蒸煮後餵食。生廚餘如菜葉、果皮、咖啡渣、硬殼等不適合豬吃，則堆肥製作成有機肥料，全台每天約有643噸（約30%）送至堆肥廠。微生物厭氧發酵分解廚餘產生沼氣，可作為再生能源，三座生質能廠分別位在新北、桃園、台中，每天消耗131噸廚餘（約6.2%）。近年也有環保設施開始利用黑水虻去化廚餘，或簡易堆肥、飼養雞鴨，每日26噸（約1.2%）。
台灣每日產生2115噸廚餘，過去約有6成蒸煮後用來餵豬，禁餵後只能交給堆肥廠、生質能廠，量能短缺部分還須仰賴焚化及掩埋。圖片來源：擷取自環境部簡報
二、禁廚餘養豬後，全台廚餘怎麼處理？
「養豬是（廚餘）最好的利用方式。」環境管理署一般廢棄物管理組組長蔡蓬培表示，廚餘去化最大宗是用來養豬，因應防疫要求暫時禁餵豬，廚餘再利用量能合計剩下每日1620噸，對比台灣每日產生2115噸廚餘，整體再利用空間短缺495噸，只能暫時焚化或掩埋。他並表示，雖然難以全數再利用，但「妥善處理絕對沒問題」。
蔡蓬培補充，全台的堆肥和厭氧發酵廠並未滿載，禁廚餘養豬前，合計每日處理1384噸，約為整體再利用能力的85%。2021年8～9月台灣也曾實施為期一個月的廚餘禁餵措施，當時再利用業者尚能應付處理量滿載的狀況，近年也已有經驗累積，4年多來國內也新增了數座處理設施。
三、廚餘進焚化爐會有什麼問題？
廚餘為高含水、高鹽分，進入焚化爐會降低燃燒效率，且可能增加戴奧辛產生，並毀損焚化爐。蔡蓬培表示，焚化廠為避免設施受損，會充分混攪廚餘與垃圾之後再燃燒，並控制廚餘投料比例，「不然它也燒不起來」。他稱，全國總焚化量能每日1萬8000噸，假設495噸廚餘有半數送焚化，占比僅1.3%，「稀釋下去，鹽分的貢獻度已經很少了。」
不過，蔡蓬培強調焚化與掩埋是廚餘處理的「最低順位」，是在非常時期、不得已才會採用的「最可惜的做法」。
環境部盤點廚餘再利用設施量能，每日處理量為1620噸，不足以處理全台廚餘，因此暫時須焚化及掩埋。圖片來源：環境部簡報
四、堆肥、發酵至少一個月，進廠會不會塞車？
傳統堆肥需要個3～4個月完成，高效堆肥也需要1～3個月完成發酵，厭氧處理產生沼氣的過程也要接近一個月。這些再利用方式都不如「直接餵豬吃」那樣能立即去化。
廚餘進廠，會「塞車」嗎？蔡蓬培解釋，可以把堆肥廠的運作想像成釀酒，進廠的廚餘會依進料時間分配到不同的儲坑堆放。每一批廚餘發酵完成，會陸續移出肥料成品，維持一定空間讓新廚餘進場。環境部公布的量能數據指的就是這些設施每日能收受廚餘的空間。
延伸閱讀
全台禁廚餘餵豬 廚餘回歸堆肥、焚化、掩埋 哪些縣市首當其衝？
首宗本土非洲豬瘟案例突襲台中  10日內死117頭豬隻
相關文章
全球合作40年有成：南極臭氧層破洞縮小 本世紀中葉有望復原
2025/10/22
中國空氣污染西移，背後原因是什麼？
2025/10/20
環境部研議水面光電納環評 破損光電板水質檢測無虞
2025/10/17
光電謠言不斷 七大公協會闢謠：水庫光電板只用清水洗
2025/10/15
影響內分泌且會累積體內 環境部預告禁用甲氧滴滴涕
2025/10/14
台灣罕見候鳥「極北柳鶯」迫降街頭、墨西哥豪雨引發洪災釀64死、最新氣候報告指地球已達災難性臨界點
2025/10/14
污染治理
台灣新聞
廚餘
焚化爐
非洲豬瘟
作者
陳昭宏
探索矇矓中開展的世界、滲透身體的網，與身體和環境結盟，共同行動。"
https://e-info.org.tw/taxonomy/term/5,0,全台禁廚餘餵豬 廚餘回歸堆肥、焚化、掩埋 哪些縣市首當其衝？,https://e-info.org.tw/node/242367,2025-10-23 16:43,"台灣新聞
全台禁廚餘餵豬 廚餘回歸堆肥、焚化、掩埋 哪些縣市首當其衝？
2025年10月23日
環境資訊中心記者 袁慧妍報導
分享到Facebook
分享到Line
分享到Twitter
環境資訊中心記者 袁慧妍報導
台中疑爆發首宗本土非洲豬瘟案例，農業部22日起全面禁止廚餘餵豬，廚餘短期內需回到地方堆肥、焚化爐、掩埋處理，有哪些縣市將首當其衝？根據環團數據，過去十年廚餘養豬量最高五個縣市均為都市，2024年排首位的高雄市達5.5萬噸。
環境部環境管理署22日晚間稱，已督促各縣市政府因地制宜擬定廚餘清運計畫，確保廚餘不再進入養豬場；廚餘將優先轉化為有機肥料及再生能源，輔以焚化或掩埋等方式處理。
因應非洲豬瘟，桃園市府在畜牧場、肉品場、屠宰場張貼防疫措施公告。圖片來源︰桃園市政府
五都市廚餘養豬量最多  高雄2024年排首位
根據環境部
統計
，今（2025）年上半年家戶廚餘回收量累計有27.4萬噸，去（2024）年全年達50.5萬噸。回收的廚餘會分四個方式
處理
，包括飼料化約占42.8%、肥料化約占 45.8%、能源化約占 9.5%，以及其他如養黑水虻與雞鴨等約占1.9%。
環管署進一步說明，事業廚餘每年有26.7萬噸，全部用做廚餘飼料化；加上21.6萬噸家戶廚餘，廚餘飼料化總量約48.3萬噸。
然而，各縣市處理廚餘方式的比例、數量不盡相同。按看守台灣協會的
研究
， 2024年廚餘養豬量最多的縣市為高雄市（5.5萬噸），其次分別是台中市（近3.5萬噸）、台南市（近3.3萬噸）、新北市（逾2.3萬噸）以及桃園市（近1.7萬噸）。過去十年，廚餘養豬量最高五個縣市亦為上述都市，只是排名不同。
看守台灣協會秘書長謝和霖分析稱，都會人口多，廚餘量也多，原本送去養豬的廚餘回到地方自行處理，一定會產生衝擊。他提到新北市最近設置了一座處理量每日可達200噸的廚餘處理廠，若市府清潔隊能把原本拿去養豬的廚餘轉至該處理廠，則問題不大。桃園市的影響也比較小，目前市府有跟民間單位合作處理廚餘，加上近年新設的焚化廠旁邊有一座可處理廚餘的厭氧消化槽並未滿載，若能順利提高到預定的處理量能，或可吸收原本送去養豬的廚餘。
不過，謝和霖擔心如餐飲業者、社區、學校等，自行委託清除業者收運廚餘的單位，廚餘很可能會回到焚化爐，「除非縣市政府出手幫忙。」
2012~2024年各縣市廚餘養豬量。圖片來源︰擷取自看守台灣協會網站
首宗本土疑似非洲豬瘟個案發生在台中市，環保局長陳宏益
說明
，暫停廚餘養豬後，會改採掩埋場「暫置貯留（堆肥）」方式處理廚餘。高雄市
宣布
全市廚餘將集中處理，經脫水、瀝乾後全數改作堆肥用途。
彰化縣則
要求
鄉鎮市公所清潔隊及民間業者，即日起將廚餘送到溪州焚化爐焚化。台北市環保局亦
稱
，將開放台北市三座焚化廠供非家戶產源緊急銷毀養豬廚餘，且免收處理費用，至於家戶廚餘回收方式，仍維持現行分類回收規定。
新北市則沒有如謝和霖預期，市府
今（23）日透過新聞稿表示
，將開放清除業者協助清運熟廚餘並以專案申請免費進焚化廠處理，並鼓勵民眾將熟廚餘瀝乾水分後，裝袋交付循線垃圾車收運，送至焚化廠以高溫焚燒。
22日晚間，環管署發
新聞稿
指，已督促各縣市政府協助原廚餘養豬場清運對象，如學校、機關、軍方、矯正機構及事業等，由縣市環保局招標委託將廚餘運送至環保局指定地點。廚餘將優先轉化為有機肥料及再生能源，輔以焚化或掩埋等安全去化方式，確保廚餘妥善處理。至於地方政府相關清運及處理等應變措施所需的經費，環境部已協調農業部協助。
圖表為回收家戶廚餘的用途統計。資料來源：環管署
環團︰廚餘長期放焚化爐不理想 應推動中長期政策及配套
全台目前不到9%的豬是用廚餘飼養，黑豬是大宗。農業部禁止廚餘餵豬後，大量廚餘短期內將重新回到焚化爐處理。謝和霖說明，廚餘裡的高鹽份對焚化爐具腐蝕性，恐增加停爐維修的頻率，衍生額外維修保養費用，頻繁的啟停爐，也會在升降溫階段增加污染排放。此外，廚餘水份含量高，容易影響爐溫變低，可能導致燃燒不完全，甚至衍生如戴奧辛等有毒物質問題。
焚化爐、掩埋場終歸不是廚餘的長遠好歸宿。謝和霖提出，政府應藉此契機，盡快尋找合適場所布建黑水虻養殖，及推廣簡易堆肥設施。
家戶廚餘。圖片來源：環境資訊中心資料照
主婦聯盟環境保護基金會執行長吳碧霜則指出，環境部與農業部「沒辦法不面對（廚餘）這個問題」，呼籲政府須兼顧防疫、環境、減碳等面向，推動短、中、長期處理廚餘的政策及配套措施，讓廚餘技術轉型，比如說建立環保動物飼料加工與使用規範，公開廚餘來源與類型、加工程序、檢驗結果等，讓廚餘使用可透明溯源，輔導執行國家級認證。
今年5月，環境部
預告
修正
《資源回收再利用法》為《資源循環推動法》，並同步修正《廢棄物清理法》，內容包括創造市場循環採購、扶植循環產業、強化再利用管理等。吳碧霜認為此修正將助國內廚餘變能源的技術升級，讓廚餘從風險源轉化為資源。
廚餘過剩問題，最終還得回歸源頭減量。吳碧霜指出，精準採購、全食物利用、減少剩食，均有助減少浪費；如在都市家戶堆肥，目前在防疫安全的前題下，短期不建議動物性廚餘自行處理。未來可將「家庭廚餘堆肥」納入淨零綠生活行動指標，結合減碳教育與社區行動，鼓勵民眾主動參與。
食品處理優先次序圖。圖片來源︰擷取自環境管理署網站
延伸閱讀
首宗本土非洲豬瘟案例突襲台中  10日內死117頭豬隻
嚴防非洲豬瘟 首重豬場清消 學者：廚餘養豬禁令依據令人疑惑
立委憂禁廚餘養豬釀垃圾危機 環保署：熟廚餘暫時只能焚化掩埋
相關文章
循環經濟路徑圖草案亮相 拚2050年經濟成長與資源消耗脫鉤
2025/10/22
丹娜絲風災提前吹出光電板汰役問題 立委憂處理量能、災損兩頭賠
2025/10/20
每個月會收到幾份帳單？ 電子跟紙本比 環境影響差距上百倍！
2025/10/14
電風扇是國人最常修理家電 環境部全台維修串聯活動10/18登場
2025/10/03
從高壓清洗機到電鋸都可借 全美近80家「工具圖書館」提供永續生活好選擇
2025/10/03
「這還好吧！？」RE-THINK便利商店環保行動調查  53%民眾從未借用循環杯
2025/10/02
循環經濟
台灣新聞
廚餘回收
非洲豬瘟
作者
袁慧妍
喜歡上山下海。從山山水水裡看見別人，也看見自己。"
https://e-info.org.tw/taxonomy/term/5,0,花蓮太魯閣燕子口堰塞湖形成滿一週 將降挖解危機,https://e-info.org.tw/node/242349,2025-10-23 10:31,"台灣新聞
花蓮太魯閣燕子口堰塞湖形成滿一週 將降挖解危機
2025年10月23日
整理：吳奇諺（環境資訊中心記者）
分享到Facebook
分享到Line
分享到Twitter
整理：吳奇諺（環境資訊中心記者）
花蓮太魯閣燕子口堰塞湖目前維持紅色警戒，根據林業保育署花蓮分署，昨（22）日水位距壩頂不到4公尺，壩體下方亦持續滲流，仍有潰決風險。同時，減災工程發包廠商今日就會進場，採分階段降挖壩體策略，
若堰塞湖水得以順利導流並沖刷壩體，壩體有可能因此瓦解。
《環境資訊中心》整理燕子口堰塞湖形成一週至今的防災應變，協助讀者掌握事件相關資訊。
燕子口堰塞湖。圖片來源：林保署提供。
一、燕子口堰塞湖怎麼形成的？目前狀況如何？
據國立東華大學人文創新與社會實踐研究中心建置的「
太魯閣燕子口堰塞湖應變紀實
」網站，10月17日，燕子口步道因高陡大理岩崩塌堵塞立霧溪河道形成堰塞湖。微地動偵測到崩塌持續18秒。燕子口堰塞湖蓄水量約270萬噸，相較馬太鞍堰塞湖蓄水量9100萬噸，規模小許多。18日清晨，堰塞湖水漫入靳珩隧道西口，沿隧道流出，回立霧溪主河道。
22日的燕子口堰塞湖。圖片來源：林保署提供。
根據林業保育署花蓮分署新聞稿，昨日燕子口堰塞湖距離壩頂溢流尚有約3.42公尺，蓄水量
降
為190萬噸，距壩頂滿庫仍有40萬噸之蓄水空間。目前壩體下方持續滲流，
可能在短期內發生壩體滲流破壞或壩頂溢流潰決。
若燕子口堰塞湖溢流潰決，是否像馬太鞍堰塞湖一樣有土石泥流沖瀉而下？據《
中央社
》報導，中央前進協調所副總協調官李孟諺表示，燕子口堰塞湖土層特性多為大理石及花崗岩碎片，淤泥量不高，與馬太鞍溪堰塞湖不同，且現有河道可容納溢流水量，對下游風險較低。
這次並非燕子口首次形成堰塞湖，該紀實網站指出，據國立台北藝術大學建築與古蹟保存研究所兼任副教授李瑞宗《立霧注》紀載，當地曾發生過兩次的堰塞湖。包含1951年10月，因花蓮大地震在此形成73公尺的天然壩，隔年4月才潰堤；另一次則是因為1998年10月25日的芭比絲颱風。
燕子口堰塞湖位置與溢流方向。圖片來源：GeoPORT [燕子口步道崩塌引致堰塞湖- 微地動偵測與現場調查]
燕子口堰塞湖崩塌。圖片來源：林保署提供
燕子口堰塞湖湖水呈現寶藍夢幻色澤，引發網路討論。《
風傳媒
》指出，太魯閣峽谷岩壁主要由變質石灰岩（大理岩）構成，立霧溪溪水的微酸成分會溶解碳酸鈣，產生極細微的碳酸鈣懸浮粒子，這些細粒懸浮在湖水中，會選擇性散射波長較短的藍色光，形成與眾不同的藍綠色調，而水越深，藍色就會越明顯。
二、堰塞湖出現至今，做了那些防減災應變？
根據林業保育署花蓮分署新聞稿，17日花蓮分署發現堰塞湖水位異常上升後，下午即依《堰塞湖緊急應變程序》啟動防災，並發出「燕子口堰塞湖緊急通報單」，通知公路局、太魯閣國家公園管理處及秀林鄉公所等單位同步應變。
花蓮縣政府17日下午依林保署發布紅色警戒及秀林鄉公所災害會報，傍晚強制撤離民樂部落、民有部落及東部電廠員工。太魯閣國家公園管理處當晚也依《災防法》宣布太魯閣全區封閉，並撤離遊客。
為監測水位變化，18日陽明交大、成大防災團隊連太管處、林保署花蓮分署及台灣世曦工程人員，進入現場監測壩體，架設即時監測站。22日，成大防災研究中心更完成湖區水位計架設，並於傍晚6時許上線
監控面板系統
，可觀看過去24小時降雨情形、水位觀測站水位、蓄水體積列表與現場即時影像。
燕子口堰塞湖水位計架設。圖片來源：林保署提供
燕子口堰塞湖漫入靳珩隧道西口，沿隧道流回立霧溪主河道。圖片來源：林保署提供
林保署表示，減災工程已順利發包，廠商今日進場。預計在刷坡工作完成後，採分階段降挖壩體策略，
第一階段繼續刷坡及施築堰塞湖壩體之通水渠道，
若堰塞湖水得以順利導流並沖刷壩體，壩體有可能因此瓦解。
若引水後壩體沖刷狀況不如預期，將進行二階段壩體降挖，
以降低堰塞湖蓄水量。
三、為何燕子口堰塞湖能實施減災工程，馬太鞍卻不行？
相較於馬太鞍堰塞湖，燕子口堰塞湖能夠施工減災，引發輿論關注。農業部18日於
臉書粉絲專頁
發文解釋，這之間的差異主要有三點。
農業部指出，馬太鞍堰塞湖壩體高度200公尺，壩體土石體積2億立方公尺，蓄水量9100萬噸；燕子口堰塞湖壩高54公尺，壩體土砂體積40萬立方公尺，蓄水量270萬噸。兩者在壩體規模上有顯著落差，燕子口堰塞湖壩體體積，僅馬太鞍溪堰塞湖的0.2%。
燕子口堰塞湖將實施減災工程。圖片來源：林保署提供
在可達性方面，農業部表示，馬太鞍堰塞湖位處海拔1000公尺深山，無路可達，但燕子口堰塞湖就在台8線旁，機具能即時進場。
就整體處理困難度而言，農業部指出，馬太鞍堰塞湖至下游河道超過13公里，溪谷狹窄陡峻、落差大，開便道至少需3個月，且11月前仍為汛期；但燕子口堰塞湖規模小、地點近公路，施工機具能快速接近壩體實施減災工程。
20日燕子口堰塞湖空拍。圖片來源：林業署 提供
延伸閱讀
預知災難紀事：馬太鞍溪堰塞湖潰壩事件
新竹泰崗溪也有一處堰塞湖 林保署監測：穩定溢流 對聚落無影響
相關文章
「沒有光害的星空」當觀光賣點更爭取國際認證 拉拉山週末辦暗空慶典
2025/10/22
柏林百年啤酒廠變身共享空間 位在古蹟上的合作社
2025/10/17
馬太鞍溪堰塞湖潰壩後：生存、生計、生活
2025/10/17
用泛舟阻止伐木 斐濟生態旅遊公司屹立20年，如何賺到錢又贏得社區信賴？
2025/10/14
馬太鞍溪堰塞湖潰壩之後 紅色警戒持續中
2025/10/13
行道樹該怎麼修剪？林試所推廣單一主幹結構修剪、側枝「截枝」從樹苗做起
2025/10/09
土地利用
台灣新聞
堰塞湖
防災
土石坍方
太魯閣國家公園
作者
吳奇諺
編輯／旅人／觀察者
走過山與海，願它能永遠美麗。"
https://e-info.org.tw/taxonomy/term/5,0,DAKA再生資源利用中心正式啟用 台泥如何轉廢為能？,https://e-info.org.tw/node/242329,2025-10-23 09:41,"台灣新聞
DAKA再生資源利用中心正式啟用 台泥如何轉廢為能？
2025年10月23日
轉載自Reccessary；文：莊閔茜
分享到Facebook
分享到Line
分享到Twitter
轉載自Reccessary；文：莊閔茜
台泥花蓮和平廠的台泥DAKA再生資源利用中心正式啟用。圖片來源：台泥
台泥花蓮和平廠的台泥DAKA再生資源利用中心（RRRC）9月27日正式啟用，為全台首座水泥窯高溫協同處理生活垃圾的示範場域，同時也結合人文博物館「鸚鵡螺博物館」，將開放民眾預約參觀。台泥董事長張安平表示，5～6年前台泥說要打造一個社會無感、兼具美感與觀光的廢棄物處理廠，如今可以說是成功交卷了。
關鍵設備「氣化爐」，降低廢棄物、戴奧辛排放量
再生資源利用中心（RRRC）自2023年7月到試運轉至2025年8月，根據與花蓮縣府簽訂BOO（興建、營運、擁有）條例以及環評承諾下，目前只處理花蓮生活垃圾，每日最大處理量為200噸，年處理量上限約為5.6萬噸。
台泥DAKA再生資源利用中心營運團隊優先招募當地社區居民。目前15名成員中有12人設籍在地和平村，11位為原住民。攝影：莊閔茜
RRRC跟一般焚化爐的差異在於，其中的關鍵設備「氣化爐」。氣化爐的獨特之處在於「不會合成戴奧辛」，水泥製程中會產生許多高鹼性生料粉，可捕捉生成戴奧辛所需的「氯」，因此RRRC廠的戴奧辛排放量僅為焚化爐排放標準的1/10以下。
同時兼具循環經濟的效益。氣化爐在500多℃的環境下進行「不完全燃燒」，將固體垃圾轉化為可燃性氣體（如一氧化碳、甲烷等），熱轉換效率可達37%，最終送到水泥窯作為替代燃料，減少3%煤炭使用量。一般焚化爐溫度則到900～1000℃的完全燃燒。
雖然氣化爐必須在水泥窯正常運轉時才能運作，但氣化爐可完全消化利用垃圾，不會再產生需要處理的廢棄物。相較之下，一般焚化爐每處理1噸垃圾，會產生約200公斤底渣，仍需後續處理。
其中「底渣」與「灰燼」是垃圾焚燒後常見的廢棄物，但在RRRC廠底渣僅剩下6%且可用於水泥製程，氣化後的灰燼也能變成水泥原料的一部分，具有資源再利用的效益。
台泥表示，RRRC至今已協助花蓮處理逾8.2萬噸生活垃圾，紓解垃圾囤積與環境壓力。透過將垃圾轉化為水泥製程的替代燃料，和平水泥廠煤炭使用量減少3%，同時減碳逾4.3萬噸，並避免約4千噸因掩埋產生的甲烷排放。
透過景觀窗可以看到處理場內部。攝影：莊閔茜
事業廢棄物變身「透水混凝土」，應對極端氣候
台泥在2025年取得台灣首張水泥廠建築廢棄物處理執照，可以合法協助處理花蓮地震後產生的營建廢棄物。張安平表示，4月至今已經在花蓮廠接收並處理約6500噸營建廢棄物。
所謂營建廢棄物，為建築物新建、拆除、裝潢及修繕施工中所產生的事業廢棄物。台泥表示，目前採取被動接收的模式，不會主動到市場上收集，但若建商等業者有需求並將廢棄物送到花蓮廠，就會協助處理。
台泥將廢棄混凝土轉化為再生混凝土粒料（RCA），可藉此打造海綿城市，應對日益嚴峻的氣候變遷。張安平表示，當每次降雨量越來越大，城市需要新方法來解決強降雨帶來的排水問題。
張安平點出，透水水泥的成本不會比任何其他現有的工法更貴，因此不會增加營建成本。不過仍需政府主動採納跟支持，目前透水混凝土僅能應用在道路等，張安平表示，營建廢棄物依法不准進結構體（建築），但法規重點應放在材料的「強度」是否達標，而非硬性規定成分，可能因此限制循環經濟發展。
張安平觀察，許多承包商為了讓透水磚能夠平整鋪設、順利通過驗收，會在磚塊底下先鋪一層不透水混凝土來整平，反而失去透水的意義，因此後續仍須透過監管，確保落實正確工法。
張安平親自拿水桶倒水，示範以營建廢棄物製成的透水混凝土道路，吸水能力明顯，能減緩熱島效應因應極端氣候。圖片來源：台泥
※ 本文經授權轉載自《RECCESSARY》，原文標題〈
開箱台泥DAKA再生資源利用中心：水泥窯日處理破百噸花蓮垃圾，轉廢為能大解密
〉，文：莊閔茜。不適用CC共創授權條款
RECCESSARY｜延伸閱讀
台泥喊話加速台版CBAM，張安平：印尼進口水泥量攀升、不利本土減碳
水泥雙雄攻低碳建材，亞泥善用轉廢為能、台泥手握歐洲關鍵技術
延伸閱讀
年底預告放寬建物使用再生料 工研院研發再生瀝青「抗壓」又減碳
有「廢」難清：廢清法啟動修法，廢棄亂象有解嗎？
花蓮台泥氣化爐7月試營運 居民提重辦環評昨開庭
相關文章
台灣第一份無碳電力報告：2030年可滿足全國5%用電使用八成CFE
2025/10/22
「購車現實」卡在哪？ SMAT：今年電動機車市售比僅6.8% 民眾盼補助直達消費者
2025/10/20
中山大研究揭颱風幫海洋深呼吸、風神過境菲律賓釀8死、美國蓋資料中心引發鄰避效應
2025/10/20
稀土成美中貿易戰場 對全球與台灣影響一次看
2025/10/20
英國地下鹽穴重回能源轉型舞台 首座綜合綠氫基地2029年將啟用
2025/10/17
風電光電的困局 綠能開發問題在哪？
2025/10/17
能源轉型
台灣新聞
永續發展
廢棄物再利用
水泥
台泥
焚化爐"
https://e-info.org.tw/taxonomy/term/5,0,循環經濟路徑圖草案亮相 拚2050年經濟成長與資源消耗脫鉤,https://e-info.org.tw/node/242365,2025-10-22 18:38,"台灣新聞
循環經濟路徑圖草案亮相 拚2050年經濟成長與資源消耗脫鉤
2025年10月22日
環境資訊中心記者 陳昭宏報導
分享到Facebook
分享到Line
分享到Twitter
環境資訊中心記者 陳昭宏報導
環境部今（22）日首度公開「2050台灣循環經濟路徑圖」草案。環境部估算，循環經濟貢獻1/3綠色產值，創造10萬個就業機會。環境部草擬的2050年循環經濟目標暫定為，較2020年資源生產力翻倍、人均物質消費量降三成、循環利用率提升至2.5倍。正式版本最快明年底提出。
推動電子產品維修也是循環經濟的一環。攝影：陳昭宏
循環經濟貢獻1/3綠色產值 創造10萬就業機會
今（22）日「2025亞太循環經濟論壇暨熱點」開幕典禮上，環境部長彭啓明首度公開2050台灣循環經濟路徑圖初稿，宣示結合政策、產業、與金融工具，跨部會推動循環經濟。
2025亞太循環經濟論壇首度來亞洲舉辦，第一站選定台灣。彭啓明表示，台灣資源回收率約在58～60%，位居世界第五，但回收物料的妥善循環利用，仍有很大進步空間。台灣日前參考德國環境部「
綠色科技報告
」（GreenTech Atlas 2025）方法論，首次算出台灣綠色科技的總附加價值約為台幣5120億元，當中循環經濟1688億元貢獻最大，更帶來超過10萬個就業機會。
我國於2022年發布2050年淨零排放路徑，卻無資源循環目標。彭啓明表示，政府目前正擬訂2050台灣循環經濟路徑圖，兩者應該能相輔相成。
循環台灣基金會董事長黃育徵表示，世界各地推動循環經濟多停留在法規與倡議層面，要發生系統性的轉變、由線性經濟走向循環經濟，必須從漸進的「綠色行動」（Go Green）走向「循環行動」（Go Circular）。
環境部今日首度公開「2050台灣循環經濟路徑圖」草案。攝影：陳昭宏
台灣循環經濟路徑圖 設2050年三大目標
2050台灣循環經濟路徑圖以2020年為基準年，設定三大面向目標：經濟成長與資源消耗脫鉤、降低人均資源消耗壓力、提高循環材料使用比例。數據指標分別為資源生產力、人均物質消費量、循環利用率，並皆以2020年為基準年。
資源循環署署長賴瑩瑩解釋，資源生產力反映每單位資源投入所創造的經濟價值（GDP），透過循環設計、技術創新與產業升級，經濟成長可不再仰賴資源過度消耗。人均物質消費量則是每人每年所使用的物質重量平均，源頭減量、延長產品壽命、改善消費結構，可減輕民眾對資源的依賴，降低環境壓力。循環利用率則是衡量有多少再生料投入生產。
根據路徑圖草案，台灣2050年相較於2020年，要達到資源生產力翻倍、人均物質消費量降至每人每年6公噸（降3成）、循環利用率提升至2.5倍。目前台灣的資源生產力為每公斤97.2元、人均物質消費量為每人每年10.22公噸、循環利用率為9.09%。除了2050年目標，環境部也已訂出2030年中期目標。
環境部長彭啓明表示，經環境部統計，循環經濟貢獻台灣綠色科技產值最多，為1688億元，他形容是「很吉利的數字」。攝影：陳昭宏
環境部今日提出「2050台灣循環經濟路徑圖」草案。圖片來源：擷取自2050台灣循環經濟路徑圖草案摘要本
六大領域優先示範 正式版最快明年底出爐
環境部盤點出六大領域作為優先示範產業，包含紡織、生物質、塑膠與包裝、建築與營建、高科技與電子產品、能源設施與關鍵物料等。為達成目標，規劃七大治理面向，包含法規及制度、綠色設計及減量、永續消費及循環採購、能資源利用、經濟工具財務支持、科技創新與應用、教育及人才培育等。
賴瑩瑩表示，路徑圖尚在草案階段，意見蒐集至今（2025）年底，確切版本預計最快明年底提出。期間希望修完
「廢資雙法」
，作為推動循環經濟的基礎，目前草案正在行政院由政委審查。
延伸閱讀
環境部下半年提「一次用產品減量里程碑」  徵集意見至8月底
歷時三年 「廢資雙法」草案出爐  光電板、風機葉片也納管
尿布變紙、漁網成鏡框 環境部「循環經濟新創聯盟」打造台灣綠色品牌
相關文章
全台禁廚餘餵豬 廚餘回歸堆肥、焚化、掩埋 哪些縣市首當其衝？
2025/10/23
丹娜絲風災提前吹出光電板汰役問題 立委憂處理量能、災損兩頭賠
2025/10/20
每個月會收到幾份帳單？ 電子跟紙本比 環境影響差距上百倍！
2025/10/14
電風扇是國人最常修理家電 環境部全台維修串聯活動10/18登場
2025/10/03
從高壓清洗機到電鋸都可借 全美近80家「工具圖書館」提供永續生活好選擇
2025/10/03
「這還好吧！？」RE-THINK便利商店環保行動調查  53%民眾從未借用循環杯
2025/10/02
循環經濟
台灣新聞
循環經濟
資源循環
廢棄物
經濟發展
減廢政策
作者
陳昭宏
探索矇矓中開展的世界、滲透身體的網，與身體和環境結盟，共同行動。"
https://e-info.org.tw/taxonomy/term/5,0,首宗本土非洲豬瘟案例突襲台中  10日內死117頭豬隻,https://e-info.org.tw/node/242359,2025-10-22 14:58,"台中
台灣新聞
非洲豬瘟
廚餘
作者
陳昭宏
探索矇矓中開展的世界、滲透身體的網，與身體和環境結盟，共同行動。
袁慧妍
喜歡上山下海。從山山水水裡看見別人，也看見自己。"
https://e-info.org.tw/taxonomy/term/5,0,台灣第一份無碳電力報告：2030年可滿足全國5%用電使用八成CFE,https://e-info.org.tw/node/242356,2025-10-22 10:33,"台灣新聞
台灣第一份無碳電力報告：2030年可滿足全國5%用電使用八成CFE
2025年10月22日
環境資訊中心記者 李蘇竣報導
分享到Facebook
分享到Line
分享到Twitter
環境資訊中心記者 李蘇竣報導
首份分析台灣推動「全時無碳電力」（24/7 CFE）的
報告
出爐，這份由英國氣候非營利組織TransitionZero發布的報告指出，透過優先推動太陽光電、陸域風力及地熱，台灣可在2030年達成全國5%用電量的商業或工業用電戶使用80%的全時無碳電力，用電成本將比台電電費還便宜。
報告建議台灣優先推動太陽光電、陸域風力及地熱。資料照。圖片來源：經濟部提供
「24/7 CFE」是什麼？ 以小時為單位的綠電稽核
24/7 CFE是指每一天24小時持續使用零碳排放的電力。TransitionZero日前發布一份分析台灣推動24/7 CFE的最新
研究
，21日與台灣科技媒體中心（SMC）合作召開記者會。
TransitionZero東亞首席分析師路塔（Alex Luta）說明，報告分析，占全國5%電力需求的工業或服務業如達成80%使用CFE，就可以省下255億用於採購化石燃料的成本，預期減碳500萬公噸二氧化碳當量（MtCO2e）。
TransitionZero東亞首席分析師路塔。圖片來源：SMC提供
24/7 CFE規範認可的無碳電力包含風力、太陽能、地熱、海洋能、水力發電，核能，以及使用碳捕捉與封存技術（CCS）的火力發電，且要求以小時為單位追蹤電力使用。
至於為什麼只需要80%？路塔解釋，模擬使用100%逐時匹配的成本太昂貴，不同技術組合之下發現，CFE80可以精準計算電力採購成本，每度電的發電成本比付給台電的電費還低。
首份報告探究 2030年可在非核情境下達成CFE80
報告評估，若要達到CFE80目標，建議台灣優先增加太陽光電、陸域風力及地熱，因成本較低。CFE目標高於80%之後，就需要離岸風電與儲能來滿足，離岸風電具季節間歇性，需建置大量儲能電池輔助。報告也建議導入新型液態空氣儲能技術，以及搭配碳捕存的創新火力發電技術，可以更進一步削減太陽光電、離岸風力和儲能需求量。
包含Google、微軟等企業都宣布2030年前達成24/7 CFE目標。台灣也正在研究CFE的可行性。四年一度的全國科學技術會議在去年底決議推動24/7 CFE驗證，在既有的再生能源憑證（T-REC）基礎上開發對無碳電力監測、核算及查證方法及憑證機制。
台灣大學氣候變遷與永續發展國際學位學程兼任助理教授趙家緯解釋，國內綠電憑證只計算全年度使用，忽略再生能源間歇性特質，導致在部分時段仍需使用化石燃料彌補用電需求。因此全球開始重視全時無碳電力，協助企業削減範疇二的間接排放。溫室氣體盤查議定書（GHG protocol）近期更修正計算方法，大幅限縮憑證被計入範疇二的抵減排放量，驅使企業更積極投入再生能源購電協議。
比較平均電價與售電契約成本。圖片來源：講者簡報
至2030年的無碳電力匹配需求(GW)。圖片來源：講者簡報
報告也納入了核三重啟的情境，但分析結果顯示，重啟與否對於技術設置量與成本「皆無顯著影響」。
路塔解釋，確實CFE的定義包含核電，但CFE須具備外加性，代表須擴充新的無碳電力。研究調查，台灣未來增加的發電容量八成以上來自新建電源，僅有少數來自既有的系統電力，其中就包含核三，但核三本身的發電占比不高，因此對整體影響很小。
趙家緯表示，台灣針對CFE的討論常跟核電存續扣連，但本研究指出，在非核情境下，仍可在可接受的成本下達成CFE，對台灣具有參考價值。
學者：可見儲能重要 未來綠電需求恐被低估
趙家緯表示，從報告中可見長期儲能的重要性，可大幅削減高比例CFE的資金需求，而台灣仍欠缺長期的儲能技術發展的佈局。報告也發現，在CFE80條件下，電價比原本低廉，即使是達成CFE100，電價最高約每度電台幣4元，並未如業界認知的高昂。
但趙家緯點出，報告可能低估了未來電力需求。報告假設2030年的CFE需求為160億度。然而依目前國內企業的承諾與政府要求，預估2030年綠電需求會達到700億度。
台北科技大學工業工程與管理系助理教授徐昕煒也指出，商業工業的用電需求可能更高，不同產業的負載情況也不同，企業也可能會競購抬價，這些都要綜合評估；此外，在技術上，地熱開發仍有不確定性，CCS台灣也還沒有封存場址，報告只採用2022年的資料，缺乏不同年度的負載或購電行為比較。
延伸閱讀
全台首個綠電媒合平台啟用  讓企業快速買得到綠電
Google攜手倍速羅得 簽下台灣第一筆地熱購電協議
核電是AI時代解方？ 國際核能專家：成本居高不下、SMR沒比較便宜
相關文章
DAKA再生資源利用中心正式啟用 台泥如何轉廢為能？
2025/10/23
「購車現實」卡在哪？ SMAT：今年電動機車市售比僅6.8% 民眾盼補助直達消費者
2025/10/20
中山大研究揭颱風幫海洋深呼吸、風神過境菲律賓釀8死、美國蓋資料中心引發鄰避效應
2025/10/20
稀土成美中貿易戰場 對全球與台灣影響一次看
2025/10/20
英國地下鹽穴重回能源轉型舞台 首座綜合綠氫基地2029年將啟用
2025/10/17
風電光電的困局 綠能開發問題在哪？
2025/10/17
能源轉型
台灣新聞
再生能源
太陽光電
地熱
核電
google
儲能
作者
李蘇竣
生在台灣，活在台灣，我們都是山與海的子民。"
https://e-info.org.tw/taxonomy/term/5,0,「沒有光害的星空」當觀光賣點更爭取國際認證 拉拉山週末辦暗空慶典,https://e-info.org.tw/node/242351,2025-10-22 09:43,"台灣新聞
「沒有光害的星空」當觀光賣點更爭取國際認證 拉拉山週末辦暗空慶典
2025年10月22日
整理：鄒敏惠（環境資訊中心記者）
分享到Facebook
分享到Line
分享到Twitter
整理：鄒敏惠（環境資訊中心記者）
桃園市復興區宣布將在10月25至26日於拉拉山展開「拉拉山一生一柿暗空慶典——我們是同一源頭」暗空慶典音樂會。本次慶典結合了泰雅族傳統文化、當季特產拉拉山甜柿，以及與台灣暗空協會的合作，共同推動復興區拉拉山地區爭取成為全台灣第二個由國際暗空協會認證的場域。
「拉拉山一生一柿暗空慶典——我們是同一源頭」暗空慶典音樂會揭開序幕。圖片來源：台灣暗空協會提供
台灣暗空協會發布新聞稿，19日的記者會現場，各式機關出席表達支持，包含原住民族委員會、桃園市政府原民局、農業局、風管處、復興區民代表會及各里里長與復興區農會，一同見證暗空慶典的開幕。記者會上，更有資深農民米臼阿公現身分享種植甜柿30多年的經驗，強調順應自然的農作方式，邀請大眾上山親自體會拉拉山豐富的生態與「沒有光害的星空」。
復興區區長蘇佐璽表示，公所自去年開始，便在不同季節的農產品推廣活動中搭配豐富的活動。本次慶典是首次將當季的甜柿推廣活動與暗空主題結合，希望在今年底為甜柿行銷創造一次「創新結合」，藉此讓復興區的觀光持續進步。
桃園市政府風管處處長廖育儀也高度肯定復興區公所與暗空協會合作舉辦此項活動，藉由暗空勝地的認證，再結合拉拉山的民宿與餐飲服務，讓遊客能夜宿山區體驗觀星，感受拉拉山的星空之美。期待暗空計畫圓滿成功，帶動地方觀光。
台灣暗空協會理事長林正修指出，拉拉山具有獨特的泰雅文化和豐富的生物多樣性，若能成功認證為暗空勝地，將為台灣的夜間觀光開創新的國際視野。
台灣暗空協會理事長林正修。圖片來源：台灣暗空協會提供
2025「拉拉山一生一柿暗空慶典——我們是同一源頭」活動將於10月25日及26日展開。25 日「霧林共生．夜觀文化巡禮」《是舊尚且永新》將森林步道化為表演場域，進行沈浸式生態劇場演出，以「起源」到「擁抱」為脈絡，探討人與自然、祖靈與當代的對話，同時安排暗空觀星與豐收儀式，結合生態教育與文化體驗。
26日下午於拉拉山遊客中心舉辦一系列活動，包含在地特色市集、親子甜柿主題手作、巴陵古道生態導覽、以及暗空講座，傍晚更有《暗空慶典音樂會》，有金曲泰雅歌手雅維·茉芮、拉外Laway ft. 火種樂團等藝人接力演出。
拉拉山遊客中心週末將舉辦一系列活動。圖片來源：台灣暗空協會提供
延伸閱讀
從土桑到合歡山  抑制光害找回「暗空」  兼顧觀星經濟
合歡山暗空觀星獲國際認證 台灣第一座
暗空公園太亮了！合歡山鳶峰停車場燈具決定全拆
相關文章
花蓮太魯閣燕子口堰塞湖形成滿一週 將降挖解危機
2025/10/23
柏林百年啤酒廠變身共享空間 位在古蹟上的合作社
2025/10/17
馬太鞍溪堰塞湖潰壩後：生存、生計、生活
2025/10/17
用泛舟阻止伐木 斐濟生態旅遊公司屹立20年，如何賺到錢又贏得社區信賴？
2025/10/14
馬太鞍溪堰塞湖潰壩之後 紅色警戒持續中
2025/10/13
行道樹該怎麼修剪？林試所推廣單一主幹結構修剪、側枝「截枝」從樹苗做起
2025/10/09
土地利用
桃園
台灣新聞
暗空協會
拉拉山"
https://e-info.org.tw/taxonomy/term/5,0,丹娜絲風災提前吹出光電板汰役問題 立委憂處理量能、災損兩頭賠,https://e-info.org.tw/node/242345,2025-10-20 20:51,"循環經濟
台灣新聞
光電
光電板
丹娜絲颱風
一般事業廢棄物
政策環評
深度低碳新聞
作者
陳昭宏
探索矇矓中開展的世界、滲透身體的網，與身體和環境結盟，共同行動。"
https://e-info.org.tw/taxonomy/term/5,0,「購車現實」卡在哪？ SMAT：今年電動機車市售比僅6.8% 民眾盼補助直達消費者,https://e-info.org.tw/node/242344,2025-10-20 19:45,"台灣新聞
「購車現實」卡在哪？ SMAT：今年電動機車市售比僅6.8% 民眾盼補助直達消費者
2025年10月20日
整理：鄒敏惠（環境資訊中心記者）
分享到Facebook
分享到Line
分享到Twitter
整理：鄒敏惠（環境資訊中心記者）
台灣智慧移動產業協會（SMAT）統計，2025年電動機車市售比至目前僅有6.8%，與政府設定的2025年20%目標相距甚遠。根據協會今（20）日公布的「電動機車政策2025民意大調查」，超過半數民眾直指中央政府與地方政府推動力道不夠，現行補助效益有限，已延宕運具電動化進程。
協會表示，逾九成民眾呼籲政府補助應回到消費者身上，超過八成民眾要求相關政策推動應更積極，顯示推廣電動機車已成為不分縣市、橫跨各黨派立場與世代的共識。
SMAT公布《電動機車政策2025民意大調查》，高達八成民眾跨世代、跨政黨要求政府更積極推動電動機車。圖片來源：台灣智慧移動產業協會提供
購車現實卡在車價與補助
機車深植於台灣民眾日常生活。根據調查，台灣民眾的使用運具習慣，87%的民眾外出仰賴私人運具，其中3/4（75.7%）以機車作為主要交通工具。調查並顯示，高達80.8%的民眾認同推廣電動機車有助於淨零與改善空污，然而，當實際面臨購車選擇時，民眾最重視的是「車價」與「政府補助」，分別成為影響購買意願的首要與次要因素。
政府將運具電動化訂為2050年淨零排放的關鍵戰略之一。在政府推動運具電動化的政策積極度上，超過半數（50.6%）民眾認為中央政府不夠積極，其中更有高達六成的現有電動機車騎士表達不滿。地方政府的表現亦未能獲得好評，48.9%的民眾指出地方推廣力道不足。
九成民眾盼補助直達消費者
根據SMAT調查，高達九成（91.9%）民眾呼籲政府補助應以「消費者」為主，而非以各類計畫的名目發放給「製造商」，才能更有效刺激市場、提升購車意願。針對現有補助，近六成（58.6%）民眾認為經濟部相關政策力道不足，對購買意願助益有限；但近四成（38.3%）的燃油機車騎士卻表示，經濟部補助可提高他們轉購電動機車的意願。在環境部的補助項目上，有八成（82.2%）民眾敲碗環境部恢復對新購電動機車的補助，盼能讓首購族更有動力入手電動機車。
SMAT理事長邱俊榮指出，環境部未能正視台灣民眾對機車的高度依賴性，更忽視年輕族群剛成年時根本沒有舊車可以汰換，「在價格考量下，年輕人的第一輛機車就選擇油車」，十年騎下來，對台灣淨零碳排造成的負面效益難以想像。協會呼籲環境部能夠恢復2020年起取消的新購電動機車補助。
調查：電動機車為不分縣市、跨世代、跨黨派共識
在使用成本上，六成（59%）的民眾表示若政府提供電池資費補助，將提升購車意願；即便是燃油機車族，也有差不多比例（57.3%）願意在政府提供電池資費補助時改騎電動機車。
此外，七成（70.1%）民眾支持推動「綠色扣除額」制度，讓購車支出可納入個人綜合所得稅特別扣除額，顯示社會普遍期待政府以更靈活、多元的政策工具強化誘因。另有八成（80.9%）民眾認為政府應規範車廠「電動機車銷售比」，要求產業共同承擔減碳責任，反映全民對政策公平性與產業永續的高度期待。
協會表示，民調結果顯示，電動機車相關政策已是不分縣市、橫跨黨派立場與世代的共識，政府應落實產業升級與運具電動化，帶領台灣邁向淨零轉型。
電動機車政策2025民意大調查報告。圖片來源：台灣智慧移動產業協會提供
電動機車政策2025民意大調查報告。圖片來源：台灣智慧移動產業協會提供
註：本次《電動機車政策2025民意大調查》由台灣智慧移動產業協會（SMAT）委託山水民意研究股份有限公司執行。調查對象為全台年滿18歲且擁有機車駕照之民眾。調查時間為2025年8月18日至8月25日。調查方法是以訪問地區住宅電話用戶為抽樣架構。有效樣本回收1080份成功樣本。在95%的信心水準下，抽樣誤差約±2.98個百分點。資料來源：台灣智慧移動產業協會
延伸閱讀
電動機車補助再加碼 汰舊換新最高領3.3萬元
經長：明年電動機車換購碳權可賣給工業區 最多享1.1萬補助
相關文章
DAKA再生資源利用中心正式啟用 台泥如何轉廢為能？
2025/10/23
台灣第一份無碳電力報告：2030年可滿足全國5%用電使用八成CFE
2025/10/22
中山大研究揭颱風幫海洋深呼吸、風神過境菲律賓釀8死、美國蓋資料中心引發鄰避效應
2025/10/20
稀土成美中貿易戰場 對全球與台灣影響一次看
2025/10/20
英國地下鹽穴重回能源轉型舞台 首座綜合綠氫基地2029年將啟用
2025/10/17
風電光電的困局 綠能開發問題在哪？
2025/10/17
能源轉型
台灣新聞
電動機車
深度低碳新聞
作者
鄒敏惠
Another world is possible."
https://e-info.org.tw/taxonomy/term/5,1,環境部研議水面光電納環評 破損光電板水質檢測無虞,https://e-info.org.tw/node/242338,2025-10-17 19:49,"台灣新聞
環境部研議水面光電納環評 破損光電板水質檢測無虞
2025年10月17日
環境資訊中心記者 陳昭宏報導
分享到Facebook
分享到Line
分享到Twitter
環境資訊中心記者 陳昭宏報導
丹娜絲颱風重創中南部幾處水面光電案場，受損光電板已清完，輿論卻燒至水庫光電。針對近期光電爭議，環境部今（17）日舉辦記者會公布水質檢測結果，同時宣布研議修法，擬將水面光電開發案納入環評。
近期馬太鞍堰塞湖災害導致光復鄉大片農地遭泥沙覆蓋，環境部今日已在光復鄉增設空品感測器，即時監控空品變化，並在揚塵發生前發出預警，提醒民眾採取防護措施，也可至
空氣網
查詢最新空品變化。
丹娜絲颱風吹毀中南部幾座水面光電案場，許多破碎的光電板堆置在滯洪池附近。圖片來源：環境部提供
民眾黨提「光電環評條款」、暫停水庫光電開發
今年7月初丹娜絲颱風損壞中南部33處光電案場，也包含幾處水面光電。隨後有
謠言
指光電板會漏毒影響魚類，也有
AI影片
假造鳥類喝光電板漏水立即死亡。近期甚至延燒至水庫光電，有立委稱台南烏山頭水庫使用化學藥劑清洗光電板、污染水庫，民眾黨立委黃國昌上週質詢時，要求環境部把水面光電納入應實施環評項目，民眾黨更提案「
光電環評條款
」、呼籲寫入《環境影響評估法》；今（17）日民眾黨再提案，要求在完成水質安全及環評法規檢討前，經濟部
不得核准
任何水庫光電執照。
環境部今日舉辦記者會澄清爭議，除公布光電水質檢測結果，並宣布將研議修正水面光電環評制度。
環境部長彭啟明表示，全球有上百個1MW以上水面光電案場，印度、南韓有案場規模高達400MW以上者，台灣三座水庫光電（烏山頭、阿公店、鳳山）裝置容量則僅在10MW上下。他指出，世界並無國家針對水面光電提出環評要求，「但我們不會說全世界都沒有，我就不要有」，未來不排除將水面光電納入環評，但門檻要設多少規模，還要以科學數據為基礎客觀評估。
環境部長彭啟明表示，不排除將水面光電納入環評，但門檻還要以科學數據為基礎評估。攝影：陳昭宏
環境部：光電對環境衝擊不大 環評門檻研議中
環保司司長徐淑芷指出，目標今年底或明年初提出「開發行為應實施環境影響評估細目及範圍認定標準」（簡稱認定標準）修正草案，將水面光電納入環評。針對立委提出修環評法母法訂定光電條款，徐淑芷認為較不符目前法規結構，且審查時間較長，不利與時俱進、快速滾動修正哪些光電案應環評。
徐淑芷表示，光電對環境衝擊不大，即使退役，土地也可恢復原來使用，不像工業區「設下去就沒有回頭路」，所以最初並未強制要求所有案件都要送環評。
今年1月環境部修法將環境敏感區內的光電案場納為應環評項目，新規上路至今，有三案場送件，但在程序審查過程中，就因地質調查等事項未釐清，被退回經濟部。
彭啟明表示，社會上有聲音要求任何光電開發都要環評，但光電和其他開發案不同，較無空污、水污排放，若連小規模光電都要進入環評程序，恐怕耗費過多時間和經費，影響太陽光電推展進度。環境部的立場是希望在兼顧環境保護的前提下，讓再生能源能夠平衡發展。
環境部說明，目前各國並未針對水面型光電要求進入環評。圖片來源：擷取自環境部簡報
彭啟明補充，近期已協調國環院組成團隊，針對光電盤點出八項環境影響因子，將進行2～3年大規模研究。面向包含光電造成的地形地貌改變、對生物棲地和保育物種的衝擊、對地表逕流及水質的干擾、對居民及景觀的影響，以及造成能量平衡、地表溫度、微氣候改變等。
中南部光電板受損後，環境部每2週、共5次抽驗滯洪池水質。水保司司長王嶽斌今天表示，各項重金屬檢測皆低於標準值；砷、錳雖略高，但屬地質環境背景值。國環院院長劉宗勇則分享，風災後研究團隊把光電板磨成碎片，部分放在酸液中翻轉震盪18小時，部分浸泡在酸液及一般水中3個月，溶出結果都未達到有害事業廢棄物認定標準。針對水面光電，烏山頭、阿公店水庫採樣結果，水質皆符合飲用水標準，且上中下游無明顯差異。
延伸閱讀
光電謠言不斷 七大公協會闢謠：水庫光電板只用清水洗
颱風毀14.5萬片光電板輿論憂污染 環境部：水質檢測無異常
小鳥喝光電紅水暴斃為AI假影片 環境部：已報請檢察機關追查
相關文章
禁廚餘養豬，全台每日2000噸廚餘去哪裡？ 四個問題看環境部最新盤點情形
2025/10/23
全球合作40年有成：南極臭氧層破洞縮小 本世紀中葉有望復原
2025/10/22
中國空氣污染西移，背後原因是什麼？
2025/10/20
光電謠言不斷 七大公協會闢謠：水庫光電板只用清水洗
2025/10/15
影響內分泌且會累積體內 環境部預告禁用甲氧滴滴涕
2025/10/14
台灣罕見候鳥「極北柳鶯」迫降街頭、墨西哥豪雨引發洪災釀64死、最新氣候報告指地球已達災難性臨界點
2025/10/14
污染治理
台灣新聞
光電
環評
深度低碳新聞
作者
陳昭宏
探索矇矓中開展的世界、滲透身體的網，與身體和環境結盟，共同行動。"
https://e-info.org.tw/taxonomy/term/5,1,石花凍、石頭厝、瀕危植物海米 台灣極東走讀暨海岸守護行動,https://e-info.org.tw/node/242197,2025-10-17 13:01,"台灣新聞
石花凍、石頭厝、瀕危植物海米 台灣極東走讀暨海岸守護行動
2025年10月17日
環境資訊中心記者 張宸瑀 新北報導
分享到Facebook
分享到Line
分享到Twitter
環境資訊中心記者 張宸瑀 新北報導
2025年8月30日，在豔陽高照的夏季尾聲，自然保育與環境資訊基金會（簡稱自然環資）攜手曙旅文化工作室講師吳函恩，以海岸保育與文化保存為信念，帶領Patagonia的會員走進台灣極東岬角、即將消失的漁村——馬崗，讓志工在走讀中親近土地，在行動中讓自然發生。
志工與移除成果合影。攝影：張宸瑀
活動初衷始於海岸守護。龍門沙灘位在本島最東邊，日據時期名稱「舊社」範圍、現今核四廠所在地，而這片沙灘也是海米全球分布範圍最南端的棲地。海米，在未結花穗的季節乍看似雜草，但它其實是《2017台灣維管束植物紅皮書名錄》中列載「極危」植物，沙灘現況因工程廢棄物、外來種入侵，使包含海米等多種濱海原生種植物棲地遭受威脅。本次志工們齊力移除多達29.3公斤的裂葉月見草，以在明年春天爭取海米的生存空間。
走下龍門沙灘：極危植物海米全球最南端的棲地。攝影：張宸瑀
在捲袖之前，迎接志工們的第一課，是一場與海共生的走讀。屹立百年、厚達160公分的馬崗石頭厝，是「海景第一排」的視角，也是「海浪第一排」的生活寫實。2018年11月曾嘗試以聚落建築群申請文化資產登錄，但在審議大會上因「與周邊聚落相似性過高」為由而失敗收場，僅有部分建物得以登錄為歷史建築。
而今（2025）年6月，多年來居民針對前案的行政訴訟最終獲得最高行政法院發回更審，現更迫切需要大眾關注。志工活動當天，巧遇在地居民江大姊與眾人聊起世代生活及文資古蹟申請的歷程，那保留的一壘一砌都是對土地的深情。
走讀石頭厝：嚴峻環境下先民以人字及亂石砌構築厚牆。攝影：張宸瑀
除了有形的石頭屋，馬崗更保有具代表性的非物質文化資產——海女文化。在正午的烈日與海風中，志工們穿著稻草與麻繩編織的防滑草鞋，一行人浩浩蕩蕩跟著83歲的罔市阿嬤，走下她討海七十載的石坪仔潮間帶。看著阿嬤熟練地辨認海物及撬開石蚵，眾人佩服驚呼。
中午，社區媽媽們則準備了靠海吃海的風味料理，有海鮮麵、海菜煎餅、涼拌珊瑚草，還有用豬油炒製的牽罟飯與石花凍。志工們也自備餐具、實踐不剩食，以珍惜的心感謝在地款待。
石坪仔潮間帶：海女阿嬤帶領志工發現潮間帶生物。攝影：黃育文
活動尾聲，儘管志工們卸下手套及茄芷袋時已滿身大汗，但仍凝神聆聽在地居民分享這片沙灘上曾遭盜採破壞與公民監督的重要。志工們互相提醒「我們是過客，住在那裡的人才是真正過生活的，旅人要學會的是尊重」；也有志工回饋「對於海女阿嬤知足、快樂與硬朗的模樣印象深刻，希望台灣早期女性的永續採集文化能被記載與記得」；更多的則是「謝謝有一群人持續守護台灣的環境」，同時許下「以後將多為大自然換位思考」、「帶孩子繼續參與志工行動」，點滴匯聚成對環境守護的溫柔承諾。
志工戴著手套移除裂葉月見草。攝影：黃育文
志工埋頭沙灘拔除外來種，雖微小不足道，但當一群人意志專注且行動不懈，就如在地居民匯聚細小力量成為抵擋大浪至今的屋牆。由衷期許社區能再次迎來希望曙光。
延伸閱讀
馬崗闖新北文化資產失敗 百年石頭屋、海女文化保存堪憂
極危植物海米生存戰：一場跨界合作的保育行動
相關文章
《山與林的深處》：台裔環境歷史學家的尋鄉之旅
2025/10/24
澎湖150隻黑面琵鷺過境創新高、冰島首度發現蚊子、英國科學家培育出抗豬瘟品種豬隻
2025/10/23
恆春半島又現狂犬病鼬獾、研究指美肉類消費碳排直逼化石燃料、賽普勒斯野貓氾濫成災
2025/10/22
強風揚塵雲嘉南空品一度「紫爆」、新北動保處成功孵化黑眉錦蛇、全球暖化讓北海道成為葡萄酒產區
2025/10/21
紐西蘭的「Tuna」秘密：毛利餐桌上，鰻魚面臨生存危機
2025/10/21
疑越南移工網路賣穿山甲、日本今年熊襲人致死數創19年來新高、因樹木死亡澳洲雨林轉為碳排放源
2025/10/17
生物多樣性
台灣新聞
自然生態體驗
環境教育講座
生態工作假期
潮間帶
維管束植物
馬崗漁村"
https://e-info.org.tw/taxonomy/term/5,1,不是太熱就是雨炸！ 專訪越野跑國手、鐵人公司，戶外運動如何調適？,https://e-info.org.tw/node/242301,2025-10-16 10:06,"台灣新聞
不是太熱就是雨炸！ 專訪越野跑國手、鐵人公司，戶外運動如何調適？
2025年10月16日
環境資訊中心記者 袁慧妍報導
分享到Facebook
分享到Line
分享到Twitter
環境資訊中心記者 袁慧妍報導
9月下旬的某天早上8點半，《環境資訊中心》記者與越野跑國手張岱偉（歐霸）會面。在這之前，他剛完成山徑越野世界錦標賽（WMTRC）前最後一次國內訓練。教練要求他6點開始跑，不想因天氣太熱影響評估，但起步時氣溫已飆至30°C。
台北郊山越來越悶熱，是很多越野跑者的心聲。同為教練的歐霸亦觀察到，當跑者勝負慾較重時，更容易忽略熱傷害對身體的影響。
歐霸9月參加UTMB環白朗峰超級越野耐力賽，賽前一天因遇到強降雨而改道，起跑時間也延後。圖片來源：歐霸提供
除了高溫，越趨頻繁的強降雨也影響戶外活動。歐霸5月參加在貢寮舉辦的越野賽事，賽道因連續暴雨而硬砍一半。比賽執行單位LAVA鐵人公司總經理李汎璿透露，最近兩年明顯感受到颱風和高溫對戶外選手的衝擊，同時考驗賽事方的應變能力。
熱到把訓練目標定得「更高」
歐霸七年前接觸越野跑，通常在台北郊山訓練和教班。他感覺到這兩年夏天變得更悶熱，熱的時間也更長，12月才開始變冷，但4月過後又要回暖。
城市悶熱，跟樓房高度、密度、都市設計有關，加上台北市是盆地，低海拔郊山也沒法速速散熱。歐霸說，越野跑手經常在劍潭山、軍艦岩等淺山訓練，海拔不超過300~400公尺，「都籠罩在熱氣裡。」500~600公尺的山徑，則明顯較涼快，所以跑手把訓練目標定得「更高」——到海拔1120公尺的七星山主峰，少了濕悶感，對訓練就好很多。
台北越野跑者開始往海拔更高的郊山進行訓練。圖為台北海拔947公尺的向天山。攝影︰袁慧妍
除了「人往高處」，歐霸指出，跑者訓練都落在清晨5點多，大約7點前要跑完，因為「是一整天最涼的時候」，車輛廢氣也較少，但就要犧牲睡眠時間。有些跑者選擇晚上跑步，但市區才剛剛開始散熱，訓練效益較弱。加上台灣濕度長期徘徊在70%~80%以上，汗水黏在皮膚「排不出去」，無法將體溫帶走。
每次上課、訓練，歐霸都會定時提醒學員喝水、補充電解質，夏天盡量選擇遮蔭的路徑。即便如此仍有學員會勉強自己，教練就要適時判斷，必要時趕快叫救護車。歐霸坦言，儘管他是有證照的第一線急救人員，終究比不上專業醫療人員，只能把風險降到最低。
還有許多人會忽略恢復過程，歐霸稱「多5~10°C，訓練後的恢復就差很多。」熱傷害過量便容易導致後續受傷，甚至有跑者訓練後會表現異常疲勞，回家後輕微腹瀉，嚴重則嘔吐。這樣的情況更常見於比賽。歐霸回憶道，之前有個越野接力賽，賽程拉到快中午，就有跑者交棒後直接倒在路旁，被工作人員發現有熱衰竭症狀。
「你有一個好勝心，你的心理會把身體推到更極端。」歐霸說，「也因為接力賽，表現不好會影響整隊。我們很常在一種勝負慾之間，忽略對身體的判斷，那反而是最危險。」
10月上旬，陽明山上的芒草開始盛開，山下仍然非常高溫。攝影︰袁慧妍
跑者或許防水 但安全最重要
跑界有句名言——跑者是防水的。歐霸解釋，台灣越野跑、路跑跑者的確比較喜歡雨天訓練，因為氣溫較低，可減少水分、電解質補給的頻率，訓練後恢復也比較快。但現在台灣午後降雨也開始變強，7、8月有好幾天早上跑步很享受，但中午過後就大暴雨，山徑直接變小溪流。
「有些地形比賽濕滑，就算學員沒受傷，也可能因為環境造成壓力，對他而言不是一個好的體驗。」如果訓練遇到雨量大時，歐霸就會停課。
此外，歐霸也曾遇過強降雨後幾天，大石頭滾下來把路徑砸掉，因此他會留意氣象預報，若單次降雨量太高，或降雨已累積幾天，就要評估山崩風險。「颱風更不用講，山徑變得很難訓練，常常要跨過倒木，原本可以跑的，都變成障礙賽。」
2025年5月，The North Face舉行越野賽遇上強降雨，大會宣布快將起跑，但雨勢太大，跑手沒有第一時間走到起步點等待。攝影︰袁慧妍
今年5月上旬，歐霸參加The North Face在貢寮舉辦的越野賽，賽前強風暴雨，主辦方宣布賽道變更，歐霸原本跑的42公里直接砍半，泥土路大多變成水泥路、柏油路。參加者對安排意見紛紜——有人質疑跑水泥路不是越野，為何不改期或退費？也有人稱讚改道，認為比賽最重要是安全回家。
該賽事執行單位LAVA鐵人公司總經理李汎璿（Jo）跟記者解釋，貢寮本來就很常下雨，規劃比賽時已做好雨備方案，賽前兩天布置賽道時還天氣晴朗，比賽前夕卻突然狂風暴雨，在稜線上的夥伴回報說，步道指示的布條掛不上去，連人都站不穩。LAVA跟教練團隊商討後，認為比賽雖可進行，但必須變更賽道。
是否更改賽期也是執行方很頭痛的問題，需要考量多方因素，比如適合比賽的季節，一個週末算上路跑、越野跑、鐵人比賽可能就有6～7場賽事，加上外國選手眾多，改期實在不易。
不僅野跑因天氣而有變更賽道的問題，鐵人三項的游泳，會因浪太高、閃電打雷等因素，調整海域範圍或取消項目。李汎璿在LAVA工作十多年，他對這兩年的極端氣候更有感，「有點措手不及。」
倒木卡在步道中間，變成越野跑手的障礙賽。攝影︰袁慧妍
2024年9月底，LAVA在墾丁舉辦Ironman 70.3（半程鐵人三項）賽事的前一週，遇上山陀兒颱風直搗南部。團隊在下榻地待了好幾天，「沒法做任何事情，外面完全狂風暴雨。」賽前三天，李汎璿冒雨看沙灘狀況——「慘不忍睹」，原本往沙灘的樓梯損毀，高低落差近1.5公尺，無法正常行走。
隔天，團隊跟墾丁國家公園管理處、旅館業者等公私部門協調，利用機具初步清掃沙灘，移除玻璃、樹枝、漂流物。後續外圍環流也有影響，LAVA諮詢水上戒護單位後，認為灣域外相對危險，遂把海域賽道縮減一半。「選手抵達時會發現好像沒事發生，可是我們前面已經歷很多抉擇和困難。」
至於高溫比賽容易中暑，是否可以把賽事提早一、兩個小時舉行？李汎璿分析，這會牽涉海域潮汐、對周遭居民影響以及公路封路的交通管制，「這都是綜合考量，才能評估出比較可行的方案。」目前的必要措施則是縮短補給站距離，提供飲用冰塊和外用冰水降溫等。
2024年9月底，颱風山陀兒直搗南部後，沙灘一片狼藉，幸好有當地公私部分合作，速速修整沙灘，讓鐵人選手安全參賽。圖片來源︰LAVA鐵人公司提供
環境的永續  也是運動的永續
「氣候變遷、全球暖化，是非常大的世界性問題。」歐霸舉例，9月初他參加在法國霞慕尼白朗峰（Chamonix-Mont-Blanc）舉辦的環白朗峰超級越野耐力賽（UTMB），賽前一天因遇到強降雨而改道，起跑時間也延後。
「天氣好時，大概30°C左右，天氣不好，就掉到15、10°C以下。」儘管台灣跑手出發前已研究歷年天氣，並提前抵達目的地適應賽事環境，也會擔心淋雨導致失溫。100公里以上的長距離組別，跑手不但在前段經歷日曬雨淋，到海拔2000多公尺時又面對下雪，事先裝備好的禦寒衣物也無法完全對抗低溫，「很多台灣選手被冷到沒食慾，影響後續表現。」
事實上，歐洲也面對熱浪來襲，歐霸6月在瑞士遇上33～36°C高溫，外國人也扛不住。他認為人類無法短時間改變氣候，唯有認識、了解環境議題，才能在戶外作出更多及時處理，例如路線選擇、時間變更、水分與電解質搭配等。
LAVA鐵人公司總經理李汎璿介紹，賽事獎牌用上自然倒下的木塊製成。攝影︰袁慧妍
李汎璿則想到透過賽事推廣環保理念，能提升民眾對環境與氣候的關注。比如說，LAVA提供外用冰水降溫，會用小水桶代表替即棄海綿；獎牌改用自然掉落的樹幹木材或回收玻璃，「獎盃們」變成碟子、沙拉碗、手機架，實行一物多用；提供接駁車，鼓勵使用大眾運輸；安排餐車和環保餐具，減少一次性用品。
有時環保也會被罵。LAVA補給站不提供一次性水杯，改為在物資包提供可重用的水瓶，結果被罵翻。早年被罵翻的還有2014年率先引入線上成績證明書。「拿張紙要幹麼？回到家就爛爛的。」事實證明，現在選手直接下載證明書，秒速在社群媒體分享。李汎璿說，當大家習慣規則、認同環保，「就會持續做。」
LAVA也正跟學者接洽研究賽事碳盤查，不過他坦言相當有難度，不僅耗時，成本也非常高，評估費用或需過百萬元，這都須由公司承擔。
「雖然是小小的力量，但這樣的資訊和訊息傳達出去，一步一步改善。要靠大家努力，才有辦法達到。」李汎璿說。
鐵人賽的「獎盃們」變成碟盤、手機支架等。攝影︰袁慧妍
延伸閱讀
戶外運動咖成立協會關注氣候變遷  專訪創辦人鄭宜昀：我會不顧一切去做
「墾丁不只大街！」越野賽事用海廢做獎牌  結合在地社區推環保戶外運動
公園好熱！ 台灣40年舒適戶外遊玩時數大減 民團籲重視兒童高溫危害
相關文章
澎湖150隻黑面琵鷺過境創新高、冰島首度發現蚊子、英國科學家培育出抗豬瘟品種豬隻
2025/10/23
能源業務首度脫離產業 韓國新「氣候能源環境部」如何走出四難困局？
2025/10/22
恆春半島又現狂犬病鼬獾、研究指美肉類消費碳排直逼化石燃料、賽普勒斯野貓氾濫成災
2025/10/22
強風揚塵雲嘉南空品一度「紫爆」、新北動保處成功孵化黑眉錦蛇、全球暖化讓北海道成為葡萄酒產區
2025/10/21
川普祭關稅、簽證威脅 全球海運碳費延後一年再議
2025/10/20
中山大研究揭颱風幫海洋深呼吸、風神過境菲律賓釀8死、美國蓋資料中心引發鄰避效應
2025/10/20
氣候變遷
台灣新聞
越野跑
戶外運動
高溫
強降雨
作者
袁慧妍
喜歡上山下海。從山山水水裡看見別人，也看見自己。"
https://e-info.org.tw/taxonomy/term/5,1,龍眼木的火，兩代人的糖：關山里父子以古法做出台灣黑糖的新方法,https://e-info.org.tw/node/242274,2025-10-16 09:45,"台南
台灣新聞
傳統產業
自然農法
蔗糖
傳統工法
黑糖
作者
蕭紫菡
蕭紫菡，政大新聞系畢，現任《環境資訊電子報》、《故事：寫給所有人類的歷史》、《50+plus》、《人物誌》等特約記者，悠遊於文字與劇場之間。"
https://e-info.org.tw/taxonomy/term/5,1,光電謠言不斷 七大公協會闢謠：水庫光電板只用清水洗,https://e-info.org.tw/node/242308,2025-10-15 11:43,"台灣新聞
光電謠言不斷 七大公協會闢謠：水庫光電板只用清水洗
2025年10月15日
環境資訊中心記者 李蘇竣報導
分享到Facebook
分享到Line
分享到Twitter
環境資訊中心記者 李蘇竣報導
太陽光電七大產業公協會昨（14）日召開記者會發布共同聲明，澄清光電模組無毒，絕無使用化學清潔劑清洗，對於不實謠言將提告。烏山頭水庫水面型光電近日遭網友質疑用藥水清潔光電板，甚至立委陳亭妃於
立法院質詢時
也質疑污染水庫水質。經濟部強調，水面型光電契約規定不可使用清潔劑清洗面板，且長期水質監測顯示水質未受影響。
烏山頭水庫水面型光電。圖片來源：台汽電提供
光電板只用清水洗 業者喊冤被惡意攻擊
烏山頭水庫水面型光電污染爭議，光電業者接連發言喊冤。再生能源商業同業公會理事長胡惠森強調，光電模組本身無毒，且清潔僅用清水，「從未、也絕不需要使用任何化學清潔劑。」也將要求所有會員廠商簽署《自律公約》，所有太陽能板清洗業務嚴禁使用任何化學藥劑，只能用清水清洗。
光電系統公會副理事長許俊吉表示，這些對光電惡意攻擊的謠言會阻礙台灣高科技產業的發展，呼籲政府硬起來，如同防詐騙一樣打擊不實謠言。
太陽光電產業協會常務理事江一志更直言，再生能源淪為政治鬥爭下的工具、受害者，被污衊成有毒有害的產業。光電暨儲能品質安全協會理事長林志欣呼籲公會成立太陽光電新聞媒體跨部會中心，查核不實資訊。
元晶科技資深副總經理王亮凱受訪解釋，水庫水面型太陽能板的清潔標準通常是監控發電狀況，如果因灰塵髒污遮蓋，導致發電表現下降，就會清洗。雨季因為雨水將髒污自然沖刷，旱季比較需要清洗，清洗頻率則視個案場狀況，不見得會定期清洗。實際上的清洗則是拿特別的長柄轉盤刷具，抽取水庫的水，把表面的灰塵刷洗掉就好。
經濟部長龔明鑫13日於立法院經濟委員會備詢時表示，烏山頭水庫水面型光電原有二期計畫，但由於未獲地方政府同意函，經濟部已同意暫緩推動。
水面型光電清潔過程。圖片來源：經濟部提供
太陽光電七大產業公協會召開記者會，聯合聲明光電板無毒。攝影：李蘇竣
經濟部將設一站式水質平台 供民眾查詢
經濟部強調，太陽光電板主要成分為矽，也就是玻璃，遵循國際標準驗證無毒且具耐久性，且太陽能板不會溶出有毒液體到水中，不影響水質，無論是烏山頭水庫或其他水面型光電，都沒有因鋪設光電板而有發生污染。
龔明鑫指出，烏山頭水庫為農業部農田水利署所轄，根據農水署今年7月最新檢測結果，包含重金屬、氯鹽及離子界面活性劑等指標在內，烏山頭水庫水質正常，相關結果公布於農水署官網。
此外，環境部也建置「全國環境水質監測網」對全台水庫進行監控，因所有的水源皆會進入淨水廠轉化成自來水，自來水公司會公布全台即時水質監測。龔明鑫表示將由水利署設立單一資訊平台，整合相關資料供民眾查詢。
環境部評估水面光電納環評 業者呼籲評估必要性
環境部長彭啟明接受
媒體
訪問時提到，環境部規劃將浮動式光電開發納入應實施環評項目，但具體門檻有待討論。鑒於今年丹娜絲颱風對中南部滯洪池光電案場造成嚴重損壞，也要參考國際案例，評估滯洪池光電案納入環評。
太陽光電產業協會常務理事江一志則在記者會上回應，環評的精神是避免對環境造成影響，如果光電設置真的會影響生態可以來討論，而不是一味要求光電環評，甚至比工業區還嚴格，這是完全不對的。
江一志說，現在環評成為「民粹」，只是因為民眾懷疑有污染，立委就要修法環評。太陽光電產業永續發展協會理事長沈尚弘也強調，業者絕對不是逃避環評責任，而是討論是否有必要性。
太陽光電產業協會常務理事江一志。攝影：李蘇竣
江一志指出，這兩年光電推動不順，因為民粹謠言、部分弊案影響，地方政府承辦綁手綁腳，不敢推動。光電法規確實有不足之處，能源署積極滾動檢討，這幾年的改變不計其數，期待業者、經濟部站出來破解謠言，未來推動速度會更樂觀。
延伸閱讀
颱風毀14.5萬片光電板輿論憂污染 環境部：水質檢測無異常
日本最大型水上太陽光電  加蓋減緩水庫蒸發  發電、儲水雙贏
小鳥喝光電紅水暴斃為AI假影片 環境部：已報請檢察機關追查
相關文章
禁廚餘養豬，全台每日2000噸廚餘去哪裡？ 四個問題看環境部最新盤點情形
2025/10/23
全球合作40年有成：南極臭氧層破洞縮小 本世紀中葉有望復原
2025/10/22
中國空氣污染西移，背後原因是什麼？
2025/10/20
環境部研議水面光電納環評 破損光電板水質檢測無虞
2025/10/17
影響內分泌且會累積體內 環境部預告禁用甲氧滴滴涕
2025/10/14
台灣罕見候鳥「極北柳鶯」迫降街頭、墨西哥豪雨引發洪災釀64死、最新氣候報告指地球已達災難性臨界點
2025/10/14
污染治理
能源轉型
台灣新聞
太陽光電
水上太陽光電
烏山頭水庫
深度低碳新聞
作者
李蘇竣
生在台灣，活在台灣，我們都是山與海的子民。"
https://e-info.org.tw/taxonomy/term/5,1,金屬有機骨架MOF獲諾貝爾化學獎  可用於碳捕捉，還能儲氫,https://e-info.org.tw/node/242306,2025-10-15 09:46,"台灣新聞
金屬有機骨架MOF獲諾貝爾化學獎  可用於碳捕捉，還能儲氫
2025年10月15日
轉載自RECCESSARY；文：莊閔茜
分享到Facebook
分享到Line
分享到Twitter
轉載自RECCESSARY；文：莊閔茜
今年度諾貝爾化學獎出爐，由北川進（Susumu Kitagawa）、羅布森（Richard Robson）和亞基（Omar M. Yaghi）日澳美科學家共享殊榮，表彰三位學者在「金屬有機骨架」（MOFs）研究，助力未來吸碳、捕捉溫室氣體、沙漠空氣水分、減少塑膠污染等，甚至能用在醫療領域，應用前景廣泛。
諾貝爾化學獎在台灣時間8日晚間出爐，三名學者開發「金屬有機框架」共同獲獎。圖片來源：擷取自諾貝爾獎頒獎典禮影片
金屬有機骨架潛力無限，可用於碳捕捉、儲氫
諾貝爾化學獎在台灣8日晚間出爐，諾貝爾委員會指出，2025 年諾貝爾化學獎得主創造一種分子結構，金屬有機骨架（MOF）讓氣體及其他化學物質可流經人工創造出來的大型空間。其中這些「空間」可用於捕捉、儲存人們想要擺脫多年化學物質，包括二氧化碳或永久化學物質（PFAS），潛在應用甚至還包括分解核武等使用的有害氣體。
諾貝爾化學委員會主席林克（Heiner Linke）表示，MOF潛力巨大，帶來先前難以想像、為新功能量身打造材料的新機會。
台灣科技媒體中心8日也舉辦線上解析記者會，邀請專家解析技術與未來發展。中央大學化學系教授謝發坤表示，MOF就像有很多孔洞的海綿體，只是這些孔洞的大小都是奈米或更小等級。MOF在更領域都有高技術前景，包括亞基將MOF應用在吸水，可在沙漠環境下抓取空氣中微量水份，如北川將MOF應用在吸附、分離氣體，用於捕捉二氧化碳與氫氣儲存。
目前各大企業也正評估MOF是否可以用來捕捉發電廠和工廠排出的二氧化碳。謝發坤說明，自己的研究領域是酵素或藥物載體，MOF具有孔洞也有生物相容性，在醫療方面能用於負載和釋放藥物，因此MOF不僅有助於節能、儲氫、吸碳或是溫室氣體，甚至是未來應用在人體，都有應用機會。
1989年羅布森打造一個排列有序、空間寬廣的晶體結構。圖片來源：Johan Jarnestad／瑞典皇家科學院
MOF最適用處理新能源，商業化機率高
清華大學化學系教授林嘉和表示，北川曾說過，能源利用已經從固體走到液體，現在與未來會再進到氣體時代，什麼樣的材料才能處理氣體跟離子呢？MOF就最適合用來處理新能源。傳統的孔洞材料具有三大功能：分離、吸附、催化，MOF在這些方面的效能表現更強大，組成也很特別，從無機孔洞變成有機，變化性、物理性、化學性質更廣泛，商業化、工業化機率也高。
不過羅布森接受《BBC》採訪，被問及研究成果潛在應用時，他也謹慎表示，有人認為可結合二氧化碳，解決世界大氣問題，雖然在我看來並不務實，但這些化合物確實能在小範圍內完成吸碳工作。
未來MOF技術成長空間還很大，中央研究院化學研究所研究員兼副所長江明錫解釋，這種立體分子結構內部留有空間，能讓更小的氣體、液體等分子進出。化學家可藉由調控金屬與配體，調整孔洞大小，讓金屬有機骨架可用於儲存、進行化學反應，甚至再把新物質拿出來，用於藥物傳遞等，應用與發展空間都很高。
英國皇家化學學會會長多爾蒂（Annette Doherty）表示，諾貝爾獎每年都頒發給勇於挑戰、為全球社會最大挑戰尋找解決方案的化學家，上述挑戰就包括醫療保健、環境保護、潔淨能源，以及為每個人提供食物和水資源。
※ 本文經授權轉載自《RECCESSARY》，原文標題〈
碳捕捉、儲氫一材多用！諾貝爾化學獎3學者創「金屬有機骨架」，這項技術特別在哪？
〉，文：莊閔茜。不適用CC共創授權條款
RECCESSARY｜延伸閱讀
碳捕捉扛減排20%任務！新加坡選定3企業展開CCS研究，最快2026年見成果
XPRIZE碳移除首獎揭曉：新創Mati Carbon減碳兼顧小農生計，打敗千隊奪冠
延伸閱讀
全球首個商業碳封存計畫 挪威「北極光計畫」成功將水泥廠碳排注入海床下2.6公里
從空氣抓二氧化碳！全球最大碳捕捉工廠在冰島 一年抓下8600輛車的排碳
新突破！ 吸碳轉為燃料 人工植物可望減緩暖化
相關文章
澎湖150隻黑面琵鷺過境創新高、冰島首度發現蚊子、英國科學家培育出抗豬瘟品種豬隻
2025/10/23
能源業務首度脫離產業 韓國新「氣候能源環境部」如何走出四難困局？
2025/10/22
恆春半島又現狂犬病鼬獾、研究指美肉類消費碳排直逼化石燃料、賽普勒斯野貓氾濫成災
2025/10/22
強風揚塵雲嘉南空品一度「紫爆」、新北動保處成功孵化黑眉錦蛇、全球暖化讓北海道成為葡萄酒產區
2025/10/21
川普祭關稅、簽證威脅 全球海運碳費延後一年再議
2025/10/20
中山大研究揭颱風幫海洋深呼吸、風神過境菲律賓釀8死、美國蓋資料中心引發鄰避效應
2025/10/20
氣候變遷
台灣新聞
諾貝爾獎
減碳
碳捕捉
氫氣"
https://e-info.org.tw/taxonomy/term/5,1,影響內分泌且會累積體內 環境部預告禁用甲氧滴滴涕,https://e-info.org.tw/node/242305,2025-10-14 17:46,"台灣新聞
影響內分泌且會累積體內 環境部預告禁用甲氧滴滴涕
2025年10月14日
整理：吳奇諺（環境資訊中心記者）
分享到Facebook
分享到Line
分享到Twitter
整理：吳奇諺（環境資訊中心記者）
甲氧滴滴涕（Ｍethoxychlor）具有生物蓄積性並影響神經、內分泌和生殖系統，全球多數已開發國家禁止用於農業及殺蟲劑，環境部今（14）日預告甲氧滴滴涕列為環境用藥禁用成分。
甲氧滴滴涕為一種替代滴滴涕的有機氯農藥。示意圖。圖片來源：Pixabay
甲氧滴滴涕毒害跨世代 環境部修法列環境用藥禁用成分
甲氧滴滴涕為一種替代滴滴涕（DDT，4,4-Dichlorodiphenyl-trichloroethane）的有機氯農藥。根據
環境部化學管理署
網站，甲氧滴滴涕在國際上主要用途為殺蟲劑，可用於防治蒼蠅、蚊子、蟑螂及恙蟎等昆蟲，亦常施用於農作物、牲畜、動物飼料、穀倉、家庭花園及寵物等。根據環境部，目前國內環境用藥產品成分無登記甲氧滴滴涕。
為維護人體健康及保護生活環境，環境部預告修正「環境用藥禁止含有之成分及檢驗方法」，禁止環境用藥製造、加工、輸入、輸出、販賣或使用含有甲氧滴滴涕，並訂定其檢出有限值為10 MDL（Method Detection Limit）。
甲氧滴滴涕危害有多大？
農業部農業科技資訊決策平台
指出，將懷孕的老鼠暴露於甲氧滴滴涕環境風險中，發現有腎臟、卵巢疾病及肥胖問題，雖然其DNA與基因序列保持不變，但發病症狀可跨及三代。
滴滴涕對環境帶來的危害，促使《寂靜的春天》一書於1962出版，啟發近代環境運動。示意圖。圖片來源：Pixabay
由於甲氧滴滴涕具有生物蓄積性並影響神經、內分泌和生殖系統，全球已開發國家多數禁止使用於農業及殺蟲劑。歐洲化學品管理局（ECHA）於2024年9月將甲氧滴滴涕列入持久性有機污染物管制；《斯德哥爾摩公約》則於2023年5月將其列為持久性有機污染物。
滴滴涕釀《寂靜的春天》 累積毒害影響至今
滴滴涕因其對生態系的危害，早於上個世紀遭多國禁用，並在2001年的《斯德哥爾摩公約》被明文禁止。
當滴滴涕進入環境後，會分解成DDE和DDD，可以被陽光分解，或是附著於土壤中，經微生物緩慢分解。滴滴涕不易溶於水，如進入水體，主要會存於水體底部的沉積物中。加拿大新布倫瑞克省（New Brunswick）中北部的森林，曾於1952～1968年間
噴灑大量滴滴涕控制蟲害
，滴滴涕卻也被沖到偏遠的湖泊中，至今仍舊存於湖泊沉積物裡。
因滴滴涕對環境帶來的危害，促使《寂靜的春天》一書於1962出版，
啟發近代環保運動
，甚至影響美國環保署的成立、國家環境保護法頒布等，美國也於1972年禁止境內使用滴滴涕。
延伸閱讀
50年前噴藥控制蟲害 今加拿大湖泊仍驗出超量DDT
寂靜春天50年  風險台灣的環境知情權何在？
被低估的無形污染 化學物質對海洋與人類造成怎樣的危害？
相關文章
禁廚餘養豬，全台每日2000噸廚餘去哪裡？ 四個問題看環境部最新盤點情形
2025/10/23
全球合作40年有成：南極臭氧層破洞縮小 本世紀中葉有望復原
2025/10/22
中國空氣污染西移，背後原因是什麼？
2025/10/20
環境部研議水面光電納環評 破損光電板水質檢測無虞
2025/10/17
光電謠言不斷 七大公協會闢謠：水庫光電板只用清水洗
2025/10/15
台灣罕見候鳥「極北柳鶯」迫降街頭、墨西哥豪雨引發洪災釀64死、最新氣候報告指地球已達災難性臨界點
2025/10/14
污染治理
台灣新聞
DDT
農藥
殺蟲劑
化學品管制
環境用藥
作者
吳奇諺
編輯／旅人／觀察者
走過山與海，願它能永遠美麗。"
https://e-info.org.tw/taxonomy/term/5,1,禁養名單新增641種動物 浣熊、毒蛇上榜 狐獴將列有條件飼養「灰名單」,https://e-info.org.tw/node/242280,2025-10-13 17:29,"台灣新聞
禁養名單新增641種動物 浣熊、毒蛇上榜 狐獴將列有條件飼養「灰名單」
2025年10月13日
環境資訊中心記者 袁慧妍報導
分享到Facebook
分享到Line
分享到Twitter
環境資訊中心記者 袁慧妍報導
農業部於8日
預告
《動物保護法》修正草案，將新增641種具劇毒或高攻擊性動物列入禁養黑名單，包括浣熊、河口鱷、毒蛇；已飼養者不受影響，但須在公告日起一年內完成寵物登記，部分物種須強制植入晶片，違者將處最高25萬元罰鍰，所涉動物將被沒入。
農業部動物保護司副司長陳中興向《環境資訊中心》稱，寵物登記後飼主若因事未能繼續飼養，可轉交收容所或有餵養經驗者，但不可買賣或再繁殖；至於動保團體呼籲禁養的狐獴，將列為有條件飼養的灰名單。
農業部預告禁養浣熊、河口鱷、毒蛇。圖片來源︰農業部提供
已飼養者不受影響  登記後仍可轉讓但不可再買賣或繁殖
台灣目前已
禁養動物名單
，包括美州巨水鼠科、食人魚、電鰻科、比特犬、美國比特鬥牛犬及美國史大佛夏牛頭犬。農業部8日提出再新增禁養641種動物，含蝮蛇科、蝙蝠蛇科、浣熊及河口鱷等；除了河口鱷外，有640種早於2022年已公告禁止輸入。
禁養主因是毒蛇多具劇毒，國內無相關血清可用，被咬後治療困難；浣熊攻擊性強且不易馴化，具掠食本能及破壞力，容易造成抓咬傷；河口鱷則因體型巨大且具攻擊力，飼養不當將嚴重威脅公共安全。本次
「指定禁止飼養輸入或輸出之動物」修正草案
預告期為30日。
針對已飼養該些動物的民眾，既有權益不受影響，但飼主須在正式公告生效日起一年內，向所在地縣市政府辦理登記備查，才可合法繼續飼養直到動物終老。考量到不同物種如浣熊、河口鱷的管理特性，將要求強制植入晶片；具劇毒的蝮蛇科與蝙蝠蛇科動物，則須於正在開發中的「禁止飼養系統」進行申報。
浣熊雖然外表可愛，但對本土環境來說卻是強勢的外來入侵種。圖片僅供示意。圖片來源：edbo23／Pixabay
私自繁殖、買賣一起禁 無法繼續飼養可交地方收容所
登記後是否可轉讓、買賣或繁殖？動保司副司長陳中興向《環境資訊中心》說明，如飼主因事無法繼續飼養，可交予地方收容所或有餵養經驗人士承接，並於寵物登記站登記轉讓，但強調「原則上這個東西不能再買賣」，亦禁止私自繁殖。
本次禁養是針對一般家庭民眾，其他展演業者、實驗動物及現行有經濟用途的飼養者，則可在符合相關條件情形下，向縣市府申請許可證。
農業部提醒，高風險動物須持續妥善照顧，例如毒蛇需具備飼養箱與防逃設施；浣熊要有充足活動空間與多元豐富的環境，避免壓力並維持自然行為；河口鱷則需配置寬敞水域與陸地棲地。
已飼養的浣熊、河口鱷、毒蛇，須於禁養公告日起一年內完成寵物登記，部分物種強制植入晶片。圖片來源︰農業部提供
狐獴將列有條件飼養「灰名單」 飼主須辦寵物登記
事實上，禁養黑名單早前鬧出風波。農業部近年委託工研院就哺乳類及爬蟲類動物分級分種管理，邀請專家和學者進行訪談並
撰寫報告
。至今（2025）年1月農業部召開利害關係人研議會時，突然釋出一份955種擬禁物種的名單，掀起異寵界不滿。其後狐獴亦納入禁養討論。
農業部後續分別在8月6日、9月3日召開研議會，並共識管理模式分為三項。第一項為禁止蝮蛇科、眼鏡蛇科、河口鱷、浣熊等641種動物作為家庭飼養，即這一波公布禁養的「黑名單」。
第二項則是沒有官方輸入我國的紀錄，或者多數於展演場域飼養的304種動物，將會於協助林保署辦理輸入審查時，加強審查飼主資格。
至於動保團體
呼籲
禁養的狐獴，以及另外12種鱷龜、眼鏡凱門鱷、緬甸蟒、岩蟒、水蚺屬及網紋蟒等，具逸失可能或恐危害公共安全的非保育類野生動物，將列第三項管理模式，擬依《動保法》第19條公告為應辦理登記之寵物，強化飼主責任落實；此外，由於具攻擊可能、出入公共場所有影響公共安全之虞，也擬修正《具攻擊性寵物出入公共場所應注意事項》規範。
另外，現行領有陸上魚塭養殖漁業登記證的鱷魚之繁（養）殖管理，將請漁業署研擬加強相關業者的販售流向管理機制。
而尚未正式公布的有條件飼養「灰名單」，陳中興指約有200～300種動物，並確認狐獴將被列入。由於還須討論詳細規範，目前尚未有預告的明確時間表。
狐獴是高度社會化的野生動物，生活需仰賴群體合作與複雜的社交行為。圖片來源：台灣防止虐待動物協會及台灣動物社會研究會提供
此外，農業部提出灰名單飼主飼養管理原則包括︰公告日起一年內辦理寵物登記；原則絕育，不得私自繁殖；如就醫、更換飼養地點等必要移動時，規範攜出至公共場所的適當防護措施，狐獴須以長度不超過1.5公尺的繩或鍊牽引等。
農業部曾於9月研議會上討論相關規範，與會者則提出擔憂，建議於訂定飼養設施及設備規範時，給予飼主妥適輔導或過渡期，避免因無法達成空間標準衍生棄養問題，衝擊地方政府及收容體系。
延伸閱讀
人類適合飼養狐獴嗎？ 動保團體提三大問題呼籲禁養
【禁異寵之亂】嫌麝香豬長太大？浣熊拉肚子？農業部委託工研院訪談揭示異寵飼養六大問題
特寵禁不禁？特寵禁養風波揭開欠缺管理的現況
相關文章
《山與林的深處》：台裔環境歷史學家的尋鄉之旅
2025/10/24
澎湖150隻黑面琵鷺過境創新高、冰島首度發現蚊子、英國科學家培育出抗豬瘟品種豬隻
2025/10/23
恆春半島又現狂犬病鼬獾、研究指美肉類消費碳排直逼化石燃料、賽普勒斯野貓氾濫成災
2025/10/22
強風揚塵雲嘉南空品一度「紫爆」、新北動保處成功孵化黑眉錦蛇、全球暖化讓北海道成為葡萄酒產區
2025/10/21
紐西蘭的「Tuna」秘密：毛利餐桌上，鰻魚面臨生存危機
2025/10/21
石花凍、石頭厝、瀕危植物海米 台灣極東走讀暨海岸守護行動
2025/10/17
生物多樣性
台灣新聞
浣熊
禁養
寵物管理
作者
袁慧妍
喜歡上山下海。從山山水水裡看見別人，也看見自己。"
https://e-info.org.tw/taxonomy/term/5,1,為台北赤蛙守護棲地 阿里磅農場與林保署簽署合作意向書（涉己新聞）,https://e-info.org.tw/node/242282,2025-10-13 10:12,"生物多樣性
新北
台灣新聞
台北赤蛙
阿里磅
作者
廖靜蕙
環境記者／自由撰稿人，致力於生物多樣性主流化。從事社工10餘年，認知到再弱勢的人都可以為自己發言，決定轉投生態保育，為無法以人類語言發聲的生命與土地寫報導。現居台北市，有貓、有龜，以及一些過客。個人粉專「
小麻通訊
」。"
https://e-info.org.tw/taxonomy/term/5,1,行道樹該怎麼修剪？林試所推廣單一主幹結構修剪、側枝「截枝」從樹苗做起,https://e-info.org.tw/node/242278,2025-10-09 10:37,"台灣新聞
行道樹該怎麼修剪？林試所推廣單一主幹結構修剪、側枝「截枝」從樹苗做起
2025年10月09日
環境資訊中心記者 袁慧妍報導
分享到Facebook
分享到Line
分享到Twitter
環境資訊中心記者 袁慧妍報導
行道樹該如何修剪、如何種才會健康？農業部林業試驗所昨（8）日召開記者會，介紹台東縣太麻里樹藝作業研究及教學示範區，研究員稱從苗圃階段先塑造單一主幹且側枝分歧狀態良好的樹苗，後續在公路栽種時，會更有修剪效率；當要移除較低位的側枝時，主幹傷口亦不會太大。
林試所2022年成立「全國種樹諮詢中心」，下個階段將培訓地方政府樹木管理單位種樹修樹，並以六都優先。林試所所長曾彥學稱，行道樹改革的最大障礙，是種樹和修剪維護所需經費。
太麻里研究中心副研究員葉定宏指出，樹木粗枝與幼枝有不同修剪方式與工具。攝影︰袁慧妍
從稚樹開始修剪 將來若要「截枝」傷口不會太大
林試所位於台東縣太麻里的戶外種樹教室，面積有20公頃，栽種了茄苳、樟樹、欖仁等經常使用的行道樹。從還在苗圃階段的稚樹開始，研究員就會進行單主幹結構修剪、成樹冠幅修剪，因風災樹木折損的復原修剪亦有養護實例，建立長期修剪及生長歷程紀錄，以便了解樹木生長模式與行道樹修剪關鍵。
行道樹修剪常見的難處，包括樹木生長空間受限，修剪作業時不能過度妨礙車輛進行、修剪目標和規範不一致，以及經費不足等。過去景觀樹木的修剪模式建立，多依據公園綠地等生長腹地寬廣的場域，較少以長期觀點考量法定道路的淨空範圍。而且當樹木量體成熟後，便較難控制樹冠幅大小與維持樹枝分歧結構，令後續的修剪難度與成本增加。
林試所發現，如在苗圃端先塑造單一主幹且側枝分歧狀態良好的優型樹苗，在栽種到公路後，負責維護的修剪人員只需依照既有側枝分歧結構進行修剪，便可加快作業時間，且可保留更多樹下空間。太麻里研究中心副研究員葉定宏亦解釋，每個修剪都會造成一道傷口，這種從小開始的修剪方式可避免側枝生長太粗，後續因道路安全問題要「截枝」時，主幹傷口亦不會太大。
不過，台灣行道樹苗圃端發展尚未成熟，地方政府或學校較難購入上述的優型樹苗。對此葉定宏指出，若栽種樹木時主幹在15公分或以下，尚有機會進行單一主幹結構修剪。
單主幹結構修剪方式可令樹木減少側枝（左)，否則會令枝下高（第一側枝以下的主樹幹位置）太低，占更多道路使用空間（右）。圖片來源︰擷取自林試所簡報
南北栽種建議不同 整體以「種原生種」為主
林試所所長曾彥學說明，台灣北、中、南、東區的公園、學校、行道，都有栽種不同樹種的建議，除分喬木、灌木外，也分濱外區、市區、郊區、山區。例如在北部市區的道路，可以栽種香楠、鐵冬青、台灣油杉；南部市區行道則較適合栽種茄苳、相思樹、台灣欒樹等。整體建議則是「種原生種」。
林試所於2022年成立的「
全國種樹諮詢中心
」，提供12個服務項目，包括樹種推薦、購樹媒合平台、修枝除草諮詢、枝下高修整諮詢等。曾彥學稱中心首階段優先服務中央機關，尤其教育部轄下學校需求甚多；下個階段將服務地方政府，首要培訓六都的樹木管理單位；最後是民間團體或有興趣的樹木修剪工作者。
農業部林試所所長曾彥學稱，全國種樹諮詢中心有12項種樹諮詢項目，希望下階段盡快培訓地方政府的樹林管理單位。攝影︰袁慧妍
延伸閱讀
【山陀兒襲台】高雄行道樹連根拔起 48小時內「扶樹」還有救
李根政／山陀兒過後——來討論城市行道樹吧！
相關文章
《山與林的深處》：台裔環境歷史學家的尋鄉之旅
2025/10/24
澎湖150隻黑面琵鷺過境創新高、冰島首度發現蚊子、英國科學家培育出抗豬瘟品種豬隻
2025/10/23
恆春半島又現狂犬病鼬獾、研究指美肉類消費碳排直逼化石燃料、賽普勒斯野貓氾濫成災
2025/10/22
強風揚塵雲嘉南空品一度「紫爆」、新北動保處成功孵化黑眉錦蛇、全球暖化讓北海道成為葡萄酒產區
2025/10/21
紐西蘭的「Tuna」秘密：毛利餐桌上，鰻魚面臨生存危機
2025/10/21
石花凍、石頭厝、瀕危植物海米 台灣極東走讀暨海岸守護行動
2025/10/17
生物多樣性
土地利用
台灣新聞
行道樹
公園
種樹
林業試驗所
作者
袁慧妍
喜歡上山下海。從山山水水裡看見別人，也看見自己。"
https://e-info.org.tw/taxonomy/term/5,2,「鏟子超人」清出10萬噸垃圾、總量恐達百萬噸  立委批：台灣沒有災後廢棄物處理計畫,https://e-info.org.tw/node/242277,2025-10-08 20:36,"台灣新聞
「鏟子超人」清出10萬噸垃圾、總量恐達百萬噸  立委批：台灣沒有災後廢棄物處理計畫
2025年10月08日
環境資訊中心記者 陳昭宏報導
分享到Facebook
分享到Line
分享到Twitter
環境資訊中心記者 陳昭宏報導
馬太鞍堰塞湖溢流淹沒市區，「鏟子超人」清出10萬噸淤泥及垃圾，未來將上看百萬噸，如何處置並不造成二次污染，成為挑戰。環境部今（8）日表示，已找到可足夠容納的暫置場，可燃物送往台泥氣化爐焚化，砂土想辦法再利用，整體垃圾清運從明年開始，需2～3年完成。民進黨立委林淑芬則指缺乏災後廢棄物管理與執行SOP，緊急暫置場所竟沒有鋪設防水布和不透水層，呼籲環境部建立一套屬於台灣的災後廢棄物參數資料庫及應變計畫。
馬太鞍溪堰塞湖溢堤後，大批「鏟子超人」志工湧入光復鄉協助挖土復原災區。圖片來源：歐新社（本圖非CC授權／限本文使用）
馬太鞍溪堰塞湖溢堤後，大批「鏟子超人」志工湧入光復鄉協助挖土復原災區。圖片來源：北市府提供
待清運量上看百萬噸 彭啓明：「已是一座山」
花蓮馬太鞍溪堰塞湖上月溢堤
，沖下大量土砂堆滿光復鄉市區，全台「鏟子超人」志工投入災後復原，今（8）進入第17天。挖出大量淤泥混雜著垃圾，衍生出暫置、分類及去化一連串問題。
立法院社會福利及衛生環境委員會今日邀請環境部長彭啓明、勞動部長洪申翰、衛福部長石崇良針對「災後復原重建及清理因應作為」進行專題報告並備質詢。彭啓明表示，光復掩埋場因溢堤遭沖毀，垃圾被泥流帶出。統計至7日，
市區清出10.3萬噸
的淤泥與垃圾混合物；加上災情較嚴重的佛祖街及較偏遠村子，待清運量上看百萬噸。
「一百萬噸已經是一座山，沒辦法那麼快就可以清除。」彭啓明坦言，依過往災後垃圾處理經驗，光復鄉的淤泥及垃圾至少需2～3年才能去化。
彭啓明表示，台糖同意借用土地設置六座暫置場，總共30公頃可容納100萬噸淤泥及垃圾，現已啟用第1～3場。至於
遭淹沒的農田600公頃
、淤土約700萬噸後續將由農業部主責。
馬太鞍溪堰塞湖溢堤後，大同村北側的光復掩埋場被沖毀，淤泥與垃圾混合流入市區。圖片來源：擷取自環境部簡報
四成受災戶家中馬桶阻塞、清溝進度1/3
彭啓明受訪時說明，不具回收價值的可燃物優先運至花蓮和平台泥氣化爐焚化；砂土則盼以資源角度看待，砂土可用於工程回填、水泥原料、在砂土貯備中心標售等，養土農用也是方案之一，但需較長時間。他坦言，更大問題是東部對砂土需求不高，運到西部又不符成本，需環境部、農業部、經濟部、內政部共同解決。
行政院2日表示，將針對先前的600億元「丹娜絲颱風及七二八豪雨災後復原重建特別預算」
提出追加200億元
用於花蓮災後重建。彭啓明說明，環境部負責淤泥及垃圾的處理和環境復原工作，預計花費數十億，將從追加的預算中爭取，盼立委支持通過預算修正。
另外，災後水溝和道路側溝淤積嚴重，下水道排水不良，恐衍生環境衛生問題。彭啓明表示，災區1800多戶約有四成馬桶阻塞。環境部正與國土署合作清淤，目前才清完三分之一，希望10月18日前全數清完，確保災戶馬桶暢通。10月底預計完成災後環境復原，垃圾清運則待明年開始執行。
垃圾暫置沒有防水布 立委批災後廢棄物應變「脆弱、落伍」
民進黨立委林淑芬質詢時質疑，淤泥及垃圾暫置場位於台糖農地，是否有鋪設最基本的防水布、不透水層？環境管理署署長顏旭明坦言，「在緊急狀況下確實是沒有做。」
「日本也會遇到緊急狀況，但都有規範可以照做。」林淑芬強調，和台灣同樣面臨複合性災害風險的日本，早已建立明確的災後垃圾處理SOP，台灣數十年來卻都缺乏制度性的「災後廢棄物管理執行計畫」，沒有標準作業流程，暫置垃圾反而造成二次污染。
林淑芬表示，面對極端災害時，台灣的廢棄物處理方式「非常的脆弱，而且相當落伍」。
民進黨立委林淑芬建議中央建立災後廢棄物管理的應變流程。攝影：陳昭宏
林淑芬以日本的地震後廢棄物處理為例，政府會在事前模擬不同災害情境下的廢棄物數量，由地方政府制定處理計畫。災害發生後兩週內，會根據建物毀損情形初步估算廢棄物量、開設暫置場，執行應變。災後一個月內，陸續整合實際垃圾量及受損建物資料，滾動修正提出更精細的應變計畫。
林淑芬指出，在日本，各類災害情境都可事先模擬，從地震、海嘯、水災到土石流，決策者依據模擬結果擬定相應的處理計畫。海嘯造成的廢棄物含有高鹽分，處理方式就和震災有很大差異。他建議環境部建立屬於台灣的災後廢棄物參數資料庫及應變計畫，讓廢棄物處理體系更具應變災害的韌性。
彭啓明坦言，台灣確實缺乏跨區、大規模處理災後廢棄物的管理計畫，過往經驗都是個別縣市自己解決，中央提供協助。未來會參考國外經驗，「會先來好好了解日本怎麼去處理。」
環境部長彭啓明與衛福部長石崇良討論災後復原事宜。攝影：陳昭宏
延伸閱讀
花蓮馬太鞍溪堰塞湖溢堤 洪水沖斷大橋、71人受困
馬太鞍溪堰塞湖水量減 農業部評估開溪床便道上溯11公里挖壩
馬太鞍堰塞湖蓄水再降 農田淹沒上百公頃 災區淤泥垃圾量可觀
相關文章
禁廚餘養豬，全台每日2000噸廚餘去哪裡？ 四個問題看環境部最新盤點情形
2025/10/23
全球合作40年有成：南極臭氧層破洞縮小 本世紀中葉有望復原
2025/10/22
中國空氣污染西移，背後原因是什麼？
2025/10/20
環境部研議水面光電納環評 破損光電板水質檢測無虞
2025/10/17
光電謠言不斷 七大公協會闢謠：水庫光電板只用清水洗
2025/10/15
影響內分泌且會累積體內 環境部預告禁用甲氧滴滴涕
2025/10/14
污染治理
台灣新聞
馬太鞍
淤泥
廢棄物
垃圾
馬太鞍堰塞湖
深度低碳新聞
作者
陳昭宏
探索矇矓中開展的世界、滲透身體的網，與身體和環境結盟，共同行動。"
https://e-info.org.tw/taxonomy/term/5,2,「出力釀」創辦人許震詮 讓原住民傳統酒走進世界餐桌,https://e-info.org.tw/node/242259,2025-10-08 10:08,"土地利用
台東
台灣新聞
釀酒業
原住民文化
物種復育
作者
蕭紫菡
蕭紫菡，政大新聞系畢，現任《環境資訊電子報》、《故事：寫給所有人類的歷史》、《50+plus》、《人物誌》等特約記者，悠遊於文字與劇場之間。"
https://e-info.org.tw/taxonomy/term/5,2,搶救桃園航空城珍稀植物 異蕊草成功在大湳森林公園綻放,https://e-info.org.tw/node/242268,2025-10-07 15:19,"生物多樣性
桃園
台灣新聞
原生植物
瀕危物種
桃園航空城
作者
廖靜蕙
環境記者／自由撰稿人，致力於生物多樣性主流化。從事社工10餘年，認知到再弱勢的人都可以為自己發言，決定轉投生態保育，為無法以人類語言發聲的生命與土地寫報導。現居台北市，有貓、有龜，以及一些過客。個人粉專「
小麻通訊
」。"
https://e-info.org.tw/taxonomy/term/5,2,「另類諾貝爾獎」得主、俄專家解析：俄羅斯如何藉核能擴張政治影響力,https://e-info.org.tw/node/242265,2025-10-07 14:02,"台灣新聞
「另類諾貝爾獎」得主、俄專家解析：俄羅斯如何藉核能擴張政治影響力
2025年10月07日
環境資訊中心記者 陳昭宏報導
分享到Facebook
分享到Line
分享到Twitter
環境資訊中心記者 陳昭宏報導
烏克蘭札波羅熱核電廠遭俄軍佔領至今，已超過三年。台灣今年舉行重啟核三公投，也聚焦在核電廠的軍事威脅，以及戰時可能面臨的風險。
台灣氣候行動網絡研究中心、綠色公民行動聯盟本月3日舉辦講座，邀請俄羅斯環境組織Ecodefense共同創辦人、另類諾貝爾獎得主弗拉基米爾・斯利魏雅克（Vladimir Slivyak）分享核電廠在戰火中面臨的威脅，為台灣提供借鏡。斯利魏雅克表示，俄羅斯長期輸出核能技術至海外、提供其他國家建廠金援，使他國「在上百年的時間裡，依賴你的技術、燃料供應和工程師。」而難以脫身。
斯利魏雅克指出，俄國占領核電廠的目標，是要讓西方擔心核能事故波及歐洲，因此不再支持烏克蘭。攝影：陳昭宏
軍事佔領核電廠 不為竊電 而為威嚇
2022年3月4日，俄羅斯入侵烏克蘭的第九天，烏克蘭東南部的札波羅熱
核電廠遭俄軍佔領
。斯利魏雅克指出，俄國占領核電廠的戰略目標並非竊取或生產電力，「他們唯一的目標，是利用新的核災威脅來恐嚇全世界」，讓西方各國因擔心核能事故波及歐洲，不再支援烏克蘭。
斯利魏雅克表示，過去人們認為，不可能有國家會在戰爭中攻擊核電廠，因為放射性污染可能影響交戰雙方，但烏俄戰爭凸顯出此風險確實存在，核電廠甚至可能被當成威脅人心的工具。札波羅熱核電廠被佔領後發生外部電力中斷、僅能靠柴油發電機運作的狀況，極有可能就是俄方刻意製造恐懼。
斯利魏雅克強調，核電廠是一般民用設施，最初設計並未考量承受軍事攻擊的能力。核電廠需靠外部電力維持冷卻系統運作，一旦電纜被切斷，反應爐就有熔毀風險；此外，用過核燃料的貯存設施不如反應爐堅固，也容易成為攻擊目標，種種現象都凸顯出核電設施在戰火中的脆弱性，「戰爭持續得越久，發生核災的風險就越高」。
札波羅熱核電廠2022年3月遭俄軍入侵佔領。圖片來源：Daniel Arrhakis（CC BY-NC 2.0）
地緣政治的手臂 歐盟也難擺脫對俄核工依賴
除了軍事入侵掌控核電廠，俄國也長期以核工業輸出，強化他國的依賴。斯利魏雅克表示，俄羅斯國營企業「俄羅斯國家原子能公司」（Rosatom）在世界各地簽下超過30座核反應爐的建造合約，「你（俄國）可以讓一個國家在上百年的時間裡，依賴你的技術、燃料供應和工程師。」
根據
世界核能協會
，歐盟境內共有19座俄國設計的VVER型反應爐，分布於匈牙利、捷克、芬蘭、斯洛伐克、保加利亞等國。歐盟今年5月發布
終止俄羅斯能源進口路徑圖
（REPowerEU Roadmap），天然氣、石油相關法案已在
6月提出
，但核能方面，因為匈牙利積極阻擋而遲遲未有下文，背後顯示著對俄國核能技術、金援的強烈依賴。
「核工業不只是一門生意，更是克里姆林宮延伸地緣政治的手臂。」斯利魏雅克表示，各國與俄國合作蓋核電廠，俄國是頃國家之力給予資金支持，不像西方國家的核能公司，要發展海外市場須先向銀行融資。
台灣氣候行動網絡研究中心、綠色公民行動聯盟舉辦講座，邀請斯利魏雅克分享核電廠在烏俄戰火中面臨的威脅。攝影：陳昭宏
國際轉向推動SMR，但成本仍高
斯利魏雅克指出，西方核工業為了解決訂單減少的困境，大力推動小型模組化反應爐（SMR）應對，但至今仍然未出現符合成本效益、可大規模複製建設的案例。他舉例，因成本急遽上升，美國NuScale能源公司
取消
了猶他州一個SMR計畫。該計畫原本有望成為第一家獲得美國政府許可的SMR專案。
國際上幾個SMR
商轉案例
也極度昂貴。中國石島灣SMR成本是預期的三倍，俄國的浮動式SMR是四倍，阿根廷CAREM 25計畫，則是未完工就已超支七倍。耗費資金外，也耗費時間，石島灣SMR原訂四年完工，最終花了12年；俄國浮動式SMR原訂二至三年建成，最後花了13年。「花更多錢、更多時間，可說是這種技術的本質。」斯利魏雅克直言。
斯利魏雅克指出，SMR建造成本高，必須長時間運轉才能打平成本。電網中若同時有SMR與再生能源，可能就會為了維持經濟效益，優先調度SMR全天候發電，反而削弱電網韌性。
延伸閱讀
瑞典前能源署長：核能復興在歐美破局，再生能源才是能源安全解方
不再年花百億向俄買能源 歐盟擬2027年停止進口俄國天然氣
【事件經過】火光沖天 俄羅斯佔領歐洲第一大核電廠
相關文章
DAKA再生資源利用中心正式啟用 台泥如何轉廢為能？
2025/10/23
台灣第一份無碳電力報告：2030年可滿足全國5%用電使用八成CFE
2025/10/22
「購車現實」卡在哪？ SMAT：今年電動機車市售比僅6.8% 民眾盼補助直達消費者
2025/10/20
中山大研究揭颱風幫海洋深呼吸、風神過境菲律賓釀8死、美國蓋資料中心引發鄰避效應
2025/10/20
稀土成美中貿易戰場 對全球與台灣影響一次看
2025/10/20
英國地下鹽穴重回能源轉型舞台 首座綜合綠氫基地2029年將啟用
2025/10/17
能源轉型
台灣新聞
俄烏戰爭
核能
核電廠
SMR
深度低碳新聞
作者
陳昭宏
探索矇矓中開展的世界、滲透身體的網，與身體和環境結盟，共同行動。"
https://e-info.org.tw/taxonomy/term/5,2,綠能飛上天！ 智帆風能攜手德商布局亞太高空風能,https://e-info.org.tw/node/242258,2025-10-07 09:05,"台灣新聞
綠能飛上天！ 智帆風能攜手德商布局亞太高空風能
2025年10月07日
轉載自Reccessary；文：RECCESSARY編輯部
分享到Facebook
分享到Line
分享到Twitter
轉載自Reccessary；文：RECCESSARY編輯部
風力發電的形式不只一種，風箏式高空發電技術在台灣也具發展潛力。緯創旗下智帆風能（AiSails）已與德國SkySails Power GmbH宣布深化合作，將導入人工智慧（AI）技術加速研發，彰化鹿港首座高空風能發電場
成功試飛
後，下一階段目標將進軍亞太市場。
外觀像降落傘的SkySails高空風能設備。圖片來源：SkySails
瞄準高空強大風能，風帆發電具24/7發電潛力
來自德國的SkySails與智帆風能9月19日在「如何共創高空風能新未來」研討會中，雙方正式宣布合作計畫。透過SkySails、智帆與緯創的深化合作，德國專業技術與台灣在系統整合與製造方面的優勢相結合，目前已在鹿港安裝一套SkySails高空風能系統，第二套也即將到位，雙方夥伴關係將加速AWE技術的在地化與量產，同時積極推進全球市場布局。
高空風能（Airborne Wind Energy，AWE）可捕捉高海拔環境更強勁的風能，不需傳統風力發電機的塔型設計，發電機組「起飛」後透過繩索驅動地面發電機運轉產生電力，SkySails 的風箏設備飛行高度則可達750公尺。
SkySails Power指出，高空風速與能量潛力遠高於地面，透過結合先進材料、軟體及自動控制系統，該技術可減少多達90%材料用量，24/7不間斷發電，年可達5000小時的滿載發電。
SkySails與智帆風能9月19日正式宣布合作計畫。圖片來源：智帆風能
宏碁與智帆創辦人施振榮表示，能源是全球最大的市場，「透過我們對高空發電的承諾，正在開拓這個市場中幾乎尚未被利用的潛能，為全球創造能源安全與自主。」
透過AI強化預測能力，高空風能將供電資料中心
新聞稿指出，亞太再生能源市場正以每年8.9%的速度快速增長，預估至2033年高空風能將成為該地區重要的新興力量。憑藉完整的技術與製造供應鏈，台灣有望成為高空風能系統（AWE）強國，建立領先產業生態系。
施振榮期待台灣從能源進口國轉型為能源技術輸出國，並期盼更多產業夥伴加入推動亞洲能源轉型的行列。「透過創新技術，驅動永續未來，而高空風能正成為這場轉型的關鍵引擎。」
SkySails創辦人暨執行長沃格特（Stephan Wrage）表示，將攜手智帆風能開啟新一代面向未來的能源，可擴展、智慧化，並真正全球化，高空風能是突破傳統再生能源極限的關鍵。
未來SkySails高空風能系統也能為資料中心或其他高耗能設施提供再生電力。因此雙方策略合作重點在於技術開發、AI以及產業化。AI將成為決定性因素，透過機器學習與先進AI，系統能透過自我學習的優化與預測控制，顯著提升效率、安全性與獲利能力。
不同種類的風力發電運作方式。 圖片來源：SkySails
※ 本文經授權轉載自《RECCESSARY》，原文標題〈
綠能飛上天！ 智帆風能攜手德商布局亞太高空風能
〉，文：RECCESSARY編輯部。不適用CC共創授權條款
RECCESSARY｜延伸閱讀
「碳中和」商品貴在哪？碳抵換帶來多少綠色溢價？用市面筆電、Apple Watch算給你看
新加坡能源商砸66億押注越南陸域風電，中部嘉萊省為何成綠能投資新熱點？
延伸閱讀
天空下的綠能革命：巨型風箏發電 下雨、冰雹都不怕
波羅的海風力軍團  數百支風機化身哨兵守護海域
相關文章
DAKA再生資源利用中心正式啟用 台泥如何轉廢為能？
2025/10/23
台灣第一份無碳電力報告：2030年可滿足全國5%用電使用八成CFE
2025/10/22
「購車現實」卡在哪？ SMAT：今年電動機車市售比僅6.8% 民眾盼補助直達消費者
2025/10/20
中山大研究揭颱風幫海洋深呼吸、風神過境菲律賓釀8死、美國蓋資料中心引發鄰避效應
2025/10/20
稀土成美中貿易戰場 對全球與台灣影響一次看
2025/10/20
英國地下鹽穴重回能源轉型舞台 首座綜合綠氫基地2029年將啟用
2025/10/17
能源轉型
台灣新聞
風力發電
風力"
https://e-info.org.tw/taxonomy/term/5,2,電風扇是國人最常修理家電 環境部全台維修串聯活動10/18登場,https://e-info.org.tw/node/242260,2025-10-03 18:47,"台灣新聞
電風扇是國人最常修理家電 環境部全台維修串聯活動10/18登場
2025年10月03日
整理：吳奇諺（環境資訊中心記者）
分享到Facebook
分享到Line
分享到Twitter
整理：吳奇諺（環境資訊中心記者）
台灣人最常修理哪一種家電？根據維修團體統計，國人維修家電前三名為：電風扇、電鍋、吹風機。故障的電扇先別急著丟，每年10月第三個週六為國際維修日（International Repair Day）。環境部為響應國際維修日，將於本月18～19日在台北市「一碼村」舉辦維修日活動，提供不同的檢修及手作體驗。
10月18日國際維修日，環境部邀請大家一起帶小家電來修理。圖片來源：環境部 提供
維修日全台大串聯 33團體響應
環境部今（3）日召開「惜物．惜福 國際維修日推廣記者會」，環境部次長兼任財團法人環境資源研究發展基金會董事長葉俊宏指出，維修是「減廢、減碳」最省錢、最有效、最簡單的方法。
記者會上，維修團體也公布了台灣人最常維修小家電排行榜。第一名為電風扇，第二名至第10名依序是：電鍋、吹風機、CD/收錄音機、快煮壺/鍋、檯燈/燈具、微波爐、烤箱/食物烘烤機、果汁機/攪拌機、玩具。
本（10）月18～19日，環境部將以「台灣維修日～全台大串聯」為主軸，於台北市一碼村辦理全台維修社團響應的大型推廣活動，目前已有33個團體，維修社群、社區大學一同串聯。此外，
全台各地也有場所
舉行活動，響應維修日。
台灣維修日活動將有維修達人、百事益、燦坤、台北玩具轉運站等進駐設攤，提供小家電、鞋子、玩具、衣物、腳踏車等不同物品的檢修及手作體驗。此外，活動期間帶著小家電前往主場參與維修活動的前500位民眾，可體驗使用「洗衣精智慧補充機」（須自備容器，免費上限500c.c.）。
維修社團分享「10大常維修家電排行榜」，電風扇為第一名。圖片來源：環境部 提供
民間三大維修倡議 環境部：朝修法促進維修權邁進
小家電維修所共同創辦人蔡亞軒於記者會上分享三大倡議：「以維修取代丟棄」、「賦予產品維修權」、「鼓勵易維修的產品設計」。循環署副署長許智倫表示，目前已推動修訂《資源循環推動法》，新增「綠色設計」及「延長使用」條款，朝「產品耐用易維修」、「零件備品易取得」及「零組件規格化」邁進。
一碼村成立於2020年，位於萬華南機場老社區地下室。創辦人黃芳惠分享，他們將二手物品維修或材料再生，可提供社區老人使用，在延長物品使用壽命的同時，也發揮社會扶助的效益。
環境部指出，循環署委託環資會募集彙整的全台17處維修據點，相關資訊已公開於
全國維修地圖
中供各界查詢，邀請民眾以「修理取代丟棄」，從日常生活中一同減廢。
左起：一碼村創辦人黃芳惠、環境部次長葉俊宏、環境部資源循環署副署長許智倫、小家電維修所共同創辦人蔡亞軒。圖片來源：環境部 提供
延伸閱讀
【世界維修日】每年近萬「電器孤兒」，如何讓維修成為一種流行？ 專訪小家電診所召集人黃武就
【世界維修日】過世家人的收音機、搶救玩具車的孩子⋯他們為什麼走進維修咖啡館？
組筆電像拼樂高、熱水壺自己換零件 創新設計讓消費者變身修理達人
相關文章
全台禁廚餘餵豬 廚餘回歸堆肥、焚化、掩埋 哪些縣市首當其衝？
2025/10/23
循環經濟路徑圖草案亮相 拚2050年經濟成長與資源消耗脫鉤
2025/10/22
丹娜絲風災提前吹出光電板汰役問題 立委憂處理量能、災損兩頭賠
2025/10/20
每個月會收到幾份帳單？ 電子跟紙本比 環境影響差距上百倍！
2025/10/14
從高壓清洗機到電鋸都可借 全美近80家「工具圖書館」提供永續生活好選擇
2025/10/03
「這還好吧！？」RE-THINK便利商店環保行動調查  53%民眾從未借用循環杯
2025/10/02
循環經濟
台灣新聞
維修
回收
家電診所
作者
吳奇諺
編輯／旅人／觀察者
走過山與海，願它能永遠美麗。"
https://e-info.org.tw/taxonomy/term/5,2,環評總體檢南部公民對談  環評預審制、落實公民參與為重點,https://e-info.org.tw/node/242244,2025-10-03 10:33,"台灣新聞
環評總體檢南部公民對談  環評預審制、落實公民參與為重點
2025年10月03日
環境資訊中心特約記者李育琴 高雄報導
分享到Facebook
分享到Line
分享到Twitter
環境資訊中心特約記者李育琴 高雄報導
環評制度實施至今30年，讓台灣整體環境價值提升，卻也在許多爭議開發案和司法判決中顯現出制度改革的需要。今（2025）年環境部進行環評總體檢，委託環境法律人協會蒐集全台公民與專家意見，提出環評制度的關鍵議題及建議解方。
9月26日，南部場公民對談會議在高雄舉行，
參與人員有公部門人員、環境主管機關、民間公關公司、社區團體和NGO代表等20餘人。環境法律人協會常務理事張譽尹指出，經過不同階段和全台各地的意見蒐集後，預計在10月中下旬進行環評解方的可行性會議，進一步確認環評制度的改革是否有解。
環境部委託環境法律人協會進行環評總體檢，張譽尹律師說明議題盤點內容。攝影：李育琴
環評本身就是決策？ 環評審查成為「戰場」
「環評應該是一個決策者的工具，還是環評本身就是決策？」張譽尹首先提到環評的本質性問題。根據協會事前所做的議題盤點，環評的定位與決策機制是一大問題。由於定位模糊，使得如今許多開發案的環評審查成為開發許可的「戰場」。
以現有的機制而言，環評結論成為開發許可的實質決策。張譽尹說，環境部原本應是監督者的角色，卻承擔了開發權衡的責任，然而事業目的主管機關的權責不明，同時環評委員的組成也經常受到質疑。到底「開發許可」是誰發的？
實際上，開發的風險評估可能涉及環境部、衛福部、內政部、文化部、海委會、農業部等廣義的環境評估者，而開發案的事業目的主管機關應納入上述機關的專業意見，充分考量後承擔價值權衡的決策，不過如今卻形同交由環評委員來定奪。一旦事後開發案產生爭訟，卻找不到主管機關發給的開發許可文件，只能針對環評結論進行行政訴訟，以此追究責任。
目的事業主管機關必須承擔決策的責任
對此問題，協會彙整專家學者意見，研擬初步解方。張譽尹說，長期而言，應回歸權力分立、功能最適的基礎，也就是讓目的事業主管機關成為開發計畫的真正權衡決策者，而環境部負責專業環境科學審查，法院則作為開發決策訴訟的仲裁。
不過要達到長期目標，現有制度變動太大，且無充分對應的制度設計下，可能造成執行上的混亂，因此先提出短期目標，也就是「維持現行分工，但是要強化目的事業主管機關的角色，也就是要訓練目的事業主管機關去承擔實質決策者的角色。」
同時，環境書件中應將風險評估層次與價值權衡決策層次加以明確化，把「開發許可」定義為承擔價值權衡責任的行政處分。
另外，短期目標也要納入個案的環境預審制。由目的事業主管機關先進行開發計畫的內部預審，在環評書件中提出包含風險評估與價值權衡的預審意見，尤其是社會影響評估的面向。開發計畫的主管機關不再只是環評書件的「轉送者」，必須承擔價值權衡決策的責任。
環評總體檢在高雄舉辦南部公民會談。攝影：李育琴
主管機關「環評預審制」可行嗎？
針對當前環評制度的問題和建議解方，有實際參與交通部開發計畫環評程序的與會者翁先生認同預審制。他表示，在規劃執行開發計畫時，交通部有先做可行性評估，其中亦有將環境和生態面向的影響納入，實際上有進行預審。不過環評書件送到環境部後，曾因環評委員對開發現場不了解，堅持做某些保育措施而使計畫進度延宕；直到環委實際到現場看過以後，便同意讓環評通過。
翁先生也提出，開發計畫在預算編列時，應先進行環境評估和相關的專家諮詢並納入規劃，而非先匡列一筆預算，否則易因環評過程中不斷修改，造成計畫延宕。
承接開發計畫的業者林先生表示，環評過程過於冗長。他參與過港口的商業開發計畫，當時主管機關有進行先行審查，但是送到環境部後，又是另一次環評的審查與修正，耗費許多時間，甚至因為時間拖長，現況改變而要做環差等。
因此林先生樂見由主管機關進行環評預審制的解方，不過仍需有審慎的方式。例如是否有足夠的相關領域專家，可能需要建立專家平台，確保主管機關有辦法在環境專業上實質審查。
與會者也逐一提出疑慮，例如開發案全部交由事業目的主管機關預審，需要考慮是否會有不當的外力介入，畢竟環境部比較客觀，交給地方或主辦單位仍可能受到影響。
現有環評公民參與遭批流於形式。圖為枋山陸域風電開發地方說明會。攝影：李育琴
公民參與制度修正：要提前、類聽證
另外，現有環評制度的公民參與環節也經常發生爭議，許多開發計畫被質疑在可行性評估時，公民的價值權衡意見未被納入決策程序。產生的亂象包括公聽會上民眾只能發言3分鐘，或開發單位找來黑衣人參加公聽會，甚至有現場打架鬧成一團等。
許多公民團體因此要求應以較嚴謹的聽證會，完成公民參與程序。此外，現行環評法規定，須在一階環評結束後舉辦「公開說明會」，造成了程序不正義和社會爭議。
專家提出的解方包括，強化可行性評估的資訊揭露與參與，設計專屬於環評制度的公民參與程序，同時要把公民參與的時間提早，並落實多階段的公民參與。
蔡嘉陽指出，應讓公民參與價值權衡的決策。攝影：李育琴
台灣生態學會理事蔡嘉陽指出，公民參與應針對要不要開發的問題進行實質討論，而不是支持與反對方彼此互吵。他認為應有一定形式的聽證，必須針對事實進行辯論，而非流於形式的3分鐘發言，開發者對於事實問題也不能隨意回答，需負相應的責任。
除了上述討論議題，在環境法律人協會所提出的討論議題中，還包括個案環評的水平改善，如環評報告書是否應有第三方查核和公眾參與機制、「有條件通過環評」的存廢，以及成效控管的追蹤考核機制等，最後也討論到政策環評制度的改革。
環評制度的改革在民間倡議多時，2017年一度要進行環評修法，但是最後並未完成。張譽尹表示，此次環評總體檢，環境法律人協會在綜合社會各界不同背景的意見後，提出修正建議的方向作為參考，具體法律條文的修正草案最後將由環境部提出。
延伸閱讀
環評解方ｘ公民對談北部場 探討環境預審制度與第三方查核
離岸風場只能「決戰環評」? 英碳信託報告建議提早溝通 彭啟明：台灣情況特殊
相關文章
環境部研議水面光電納環評 破損光電板水質檢測無虞
2025/10/17
環評解方ｘ公民對談北部場 探討環境預審制度與第三方查核
2025/09/30
彰化大城三座風機遭環評否決 民團籲全面檢討免環評陸域風場
2025/09/24
藍白三修法阻國家公園設光電板 地政學者批翁曉玲「通殺型」立法
2025/09/03
港務公司引用環團數據涉「造假」  台北港二期填海造地案環評須補件再審
2025/08/06
水的爭奪戰！峨眉寶山82公頃開發案用水爭議
2025/08/01
台灣新聞
環評
環評委員
環評法
環境部
作者
李育琴
站在南方的土地，用平躺的島嶼歷史視角，說環境與人的故事。炙風拂面，腳踏黏土之時，試著讓心保持冷靜。"
https://e-info.org.tw/taxonomy/term/5,2,馬太鞍堰塞湖蓄水再降 農田淹沒上百公頃 災區淤泥垃圾量可觀,https://e-info.org.tw/node/242251,2025-10-02 18:32,"台灣新聞
馬太鞍堰塞湖蓄水再降 農田淹沒上百公頃 災區淤泥垃圾量可觀
2025年10月02日
整理：鄒敏惠（環境資訊中心記者）
分享到Facebook
分享到Line
分享到Twitter
整理：鄒敏惠（環境資訊中心記者）
今（2）日行政院院會後記者會，各部會說明馬太鞍堰塞湖災後復原情形。行政院長卓榮泰表示，將以新台幣200億元為基礎，透過「丹娜斯颱風及728豪雨災後復原重建特別條例」修正及預算追加，投入災後補救事項。民間方面，則已有7億8000多萬元捐款湧入衛福部專戶。
今日監測堰塞湖蓄水量已經減為原本的6.4%。不過地表軟爛，空勤直升機無法降落湖面安裝水位計。街道方面，目前清出4萬5000噸含淤泥垃圾，除了協調增加暫置場所，環境部初估，未來淤泥垃圾量將上看百萬噸等級。
行政院會今日說明馬太鞍堰塞湖災後復原情形。圖片來源：行政院
此次堰塞湖溢流造成18死，六人失蹤，主要受災範圍有光復鄉七個村里，大安村、大華村、大平村、大馬村、大同村、東富村、北富村。卓榮泰表示，馬太鞍溪堰塞湖溢流造成重大災情，政府陸續推動救援工作，以中秋節前恢復居民基本生活為目標。後續也將展開全面復建工作，檢討本次災害的成因與整體應變表現，提升未來面對極端氣候災害的預警能力及防範能力。
政府現階段目標是10月6日前將家戶及道路上的廢棄物和污泥清除完畢。10月7日起，政務委員陳金德將率領相關部會赴災區，成立一站式服務平台，提供災民救助措施的說明及諮詢服務。陳金德表示，約有1800戶的房屋一樓被大量泥水淹沒，許多人在避難中遺失證件和存摺，各項申請亦可現場直接受理，回應災民的急迫需求。
堰塞湖穩定溢流 佛祖街淤積約3米高
記者會上，經濟部次長賴建信說明，堰塞湖溢流之後，帶來3億立方公尺的土方，83%的土方留在壩體，4.5%沖入下游河道，也就是災後大家看到流入民宅的土砂。遙測影像顯示，在災情嚴重的佛祖街，淤積高程約有3米高。
災前災後對照。圖片來源：擷取自經濟部簡報
賴建信表示，今日以無人機觀測，堰塞湖蓄水量已經減為原本的6.4%。未來的堰塞湖警報發布機制將有調整，24小時累積降雨達100毫米時，會透過通報單細胞廣播，並採用與海嘯一致的鳴響（鳴5秒，停5秒，反覆九次）來協助避難準備。
農業部長陳駿季表示，空總直升機今天上空探勘，崩塌區域持續有落石，無法降落湖面安裝水位計。至於整體溢流情形，湖水持續穩定溢流，「上游的水進來以後，透過堰塞湖再流到下游去。」暫無異常變化。
10月2日空拍堰塞湖區，初判無異常變化。圖片來源：林業保育署花蓮分署
以垂降方式了解土質鬆軟程度。圖片來源：林業保育署花蓮分署
空勤總隊直升機協助投放觀測浮標。圖片來源：林業保育署花蓮分署
林業保育署花蓮分署透過新聞稿表示，今日協調兩位特搜教官從機上垂降至壩頂探測，經照片顯示，地表呈現軟爛狀，一踩即陷，極為泥濘，直升機確實無法降落。
此外，陳駿季表示，此次的土砂沖刷造成光復鄉農田淹沒區達400多公頃，鳳林大約也有300多公頃，面積相當大。交通部次長伍勝園則表示，因大量志工和人力湧入，光復車站進出人潮從每日約800人暴增至最高紀錄4萬多人。
淤泥無重金屬疑慮 災區垃圾量可觀
環境部長彭啓明表示，包含淤泥在內，目前清出4萬5000噸垃圾，目標在中秋節前將主要道路淨出。另外，因為嚴重淹水，居民家中的馬桶不通，水溝渠道堵塞，環境部將調度全台清溝車和水車支援，部分嚴重積水區域的化糞池也因大量淤泥和砂石無法使用，目前調集154個流動廁所。而北富村因受到掩埋場垃圾的移出，「有10公頃左右，是垃圾加淤泥混在這個地方」。
彭啓明表示，未來的垃圾和淤泥量預估將來到8至10萬噸，除了目前的三個暫置場，還需要第四、第五個暫置場。環境部將和經濟部協調台糖土地提供作為暫置場。
而除了市區的8至10萬噸淤泥，加上郊區農田的淤泥，恐怕是百萬噸等級。彭啓明表示，環境部資源循環署正在跟水利署、內政部國土署、財政部國有財產署討論去化方案，等救災告一段落後公布，「我們不會把它（淤泥）當廢棄物處理，希望資源循環再利用。」
針對民眾擔心淤泥會不會有重金屬污染，彭啓明表示，當地沒有工業區，沖刷下來的泥沙屬於當地地質，含有微量金屬不過尚在環境許可值範圍內，沒有重金屬污染疑慮，環境部過幾天也會向大眾公布採樣分析結果。
彭啓明說明淤泥清除情形。圖片來源：行政院
內政部長劉世芳表示，今天上午輕颱麥德姆形成，判斷對災區沒有太大影響，不過仍維持紅色警戒。未來降級警戒會考慮的因素有天候穩定、堰塞湖穩定、河道疏浚和堤防加固、人流監控得宜，才會考慮降級。
延伸閱讀
馬太鞍溪堰塞湖水量減 農業部評估開溪床便道上溯11公里挖壩
花蓮馬太鞍溪堰塞湖溢堤 洪水沖斷大橋、71人受困
相關文章
澎湖150隻黑面琵鷺過境創新高、冰島首度發現蚊子、英國科學家培育出抗豬瘟品種豬隻
2025/10/23
能源業務首度脫離產業 韓國新「氣候能源環境部」如何走出四難困局？
2025/10/22
恆春半島又現狂犬病鼬獾、研究指美肉類消費碳排直逼化石燃料、賽普勒斯野貓氾濫成災
2025/10/22
強風揚塵雲嘉南空品一度「紫爆」、新北動保處成功孵化黑眉錦蛇、全球暖化讓北海道成為葡萄酒產區
2025/10/21
川普祭關稅、簽證威脅 全球海運碳費延後一年再議
2025/10/20
中山大研究揭颱風幫海洋深呼吸、風神過境菲律賓釀8死、美國蓋資料中心引發鄰避效應
2025/10/20
氣候變遷
花蓮
台灣新聞
馬太鞍堰塞湖
作者
鄒敏惠
Another world is possible."
https://e-info.org.tw/taxonomy/term/5,2,國際環團報告：台灣上半年成俄輕油最大買家 恐波及半導體供應鏈,https://e-info.org.tw/node/242242,2025-10-02 10:50,"台灣新聞
國際環團報告：台灣上半年成俄輕油最大買家 恐波及半導體供應鏈
2025年10月02日
環境資訊中心記者 陳昭宏報導
分享到Facebook
分享到Line
分享到Twitter
環境資訊中心記者 陳昭宏報導
跨國環保團體昨（1）日發布報告揭露，台灣是俄國入侵烏克蘭後的第三大輕油買家，今（2025）年上半年更躍升為全球第一。台塑上半年進口輕油為俄方帶來高達17億美元的稅收，足以購買17萬架無人機。環團更指出，半導體與電子零組件的關鍵原料也來自輕油，「這些晶片不應該被戰爭污染！」呼籲經濟部訂出強制性指引，若持續依賴俄國輕油，恐面臨美國次級關稅制裁風險。
台塑發布聲明表示，近兩年俄國輕油來源占比提高是市場競爭下的結果，所有招標採購未限定國別，也非刻意調整採購策略造成。
俄國進口的輕油，主要多流入位於麥寮的台塑六輕廠區。圖片來源：擷取自報告
台灣成俄羅斯輕油最大買家 俄收益相當於17萬架無人機
環境權保障基金會昨日與國際智庫能源與清潔空氣研究中心（CREA）、俄國環保組織Ecodefense、來自德國的Urgewald共同舉辦記者會，發表《危險依賴：台灣成為全球最大俄羅斯輕油進口國，煤礦進口持續》報告。
能源與清潔空氣研究中心（CREA）歐洲-俄羅斯政策與能源分析團隊主管艾薩克・李維（Isaac Levi）指出，與2022年相比，台灣2025年上半年的俄羅斯輕油月均進口量暴增六倍，為克里姆林宮帶來的17億美元稅收，等同能購買17萬架「非洲菊」無人機（Gerbera drones）。
報告指出，自俄烏戰爭開始的2022年至2025年6月，台灣共進口680萬噸、49億美元俄國輕油，占俄羅斯總出口20%，是全球第三大買家。今年上半年台灣進口值達13億美元，進一步躍升為全球最大買家，甚至超越中國。
台灣在2025年上半年進口量較2022年激增近六倍。圖片來源：擷取自報告
台塑進口俄輕油 依賴度從戰前9%暴增至90%
台灣進口輕油的公司，有國營的中油及民營的台塑。中油自2022年之後已停止採購俄羅斯輕油，轉向其他買家，2025年上半年有將近九成的輕油進口自阿拉伯聯合大公國。台塑則相反，因為俄羅斯提供輕油折扣，輕油來源由阿聯逐漸轉向俄羅斯，現在更成為俄國輕油最大買主，依賴度從戰前的9%飆升至90%。
Ecodefense共同創辦人、另類諾貝爾獎得主弗拉基米爾・斯利魏雅克（Vladimir Slivyak）呼籲台灣企業應停止向俄羅斯採購輕油、煤炭，「阻止俄烏戰爭的方法，就是盡可能衝擊俄羅斯經濟，讓他們無法再為戰爭融資，才能終止這場血腥的戰爭。」輕油是俄羅斯主要出口收入之一，也是俄羅斯入侵烏克蘭以來的第二大財源。
《
中央社
》報導，台塑昨日下午發布聲明表示，公司所有輕油均以公開招標採購，未限定國別。近兩年因市場情勢，投標商多供給俄國輕油，導致來源占比提高，是市場條件下的結果，非刻意調整採購策略造成。而2025年迄今，公司進口俄羅斯輕油占比為85%，並非90%。
輕油精煉後可轉化為台灣半導體與電子元件製造所需的重要原料。圖片來源：擷取自報告
恐面臨次級關稅風險、波及半導體產業鏈
石化業對俄的高度依賴，恐怕也會波及「護國神山」。環境權保障基金會副執行長許博任指出，半導體先進製程需要的電子級異丙酮、電路板印刷需要的環氧樹脂，分別由台塑旗下的台塑德山、南亞塑膠供應，其上游原料正是俄國輕油。
輕油占我國石油產品進口量近七成。石油煉製後可分為上層的輕油（石油腦）、下層的重油。重油主要為能源使用，輕油則是石化產業的關鍵原料，可以被進一步裂解生成乙烯、丙烯、苯、丁二烯、甲苯等基礎化學品，廣泛應用於塑膠製品、合成纖維及電子元件製造。
李維指出，
今年8月
，印度就因持續購買俄羅斯石油，遭美國加徵25%次級關稅。台灣以俄國輕油為原料製成的產品如今已出口至英、美、歐盟等制裁俄羅斯的國家，累計金額達3.34億美元，台灣恐因此面臨外交和經濟上的衝擊。
斯利魏雅克強調，台灣在全球晶片供應鏈中扮演關鍵角色，「這些晶片不應該被戰爭污染！」
弗拉基米爾・斯利魏雅克呼籲台灣企業停止向俄羅斯採購輕油、煤炭。攝影：陳昭宏
環團呼籲經濟部訂強制性指引 台積電與台塑議和停購
台烏國會議員聯誼會會長會長、民進黨立委陳冠廷強調，進口俄國輕油或許能為企業帶來較高利潤，但這等於是「資助侵略者」，反而會對台造成安全威脅及產業影響，建議經濟部、貿易相關部門盡速梳理相關數據。
許博任透露，將與經濟部進行閉門會議，希望經濟部能對民間廠商提出強制性指引，禁止採購俄羅斯的輕油與煤炭，「台灣絕對有其他替代選項！」
許博任公開呼籲台積電、聯電、欣興等半導體或IC產業製造商，應該主動和台塑集團尋求議和，發揮影響力要求台塑停止採購俄羅斯輕油、尋找替代供應商，否則影響恐波及所有資通訊產業。
延伸閱讀
環團跨國調查：我國自俄羅斯進口燃煤成長 成俄煤全球第五大買家
不再年花百億向俄買能源 歐盟擬2027年停止進口俄國天然氣
相關文章
禁廚餘養豬，全台每日2000噸廚餘去哪裡？ 四個問題看環境部最新盤點情形
2025/10/23
全球合作40年有成：南極臭氧層破洞縮小 本世紀中葉有望復原
2025/10/22
中國空氣污染西移，背後原因是什麼？
2025/10/20
環境部研議水面光電納環評 破損光電板水質檢測無虞
2025/10/17
光電謠言不斷 七大公協會闢謠：水庫光電板只用清水洗
2025/10/15
影響內分泌且會累積體內 環境部預告禁用甲氧滴滴涕
2025/10/14
污染治理
台灣新聞
石化業
半導體業
俄烏戰爭
石油
台塑
深度低碳新聞
作者
陳昭宏
探索矇矓中開展的世界、滲透身體的網，與身體和環境結盟，共同行動。"
https://e-info.org.tw/taxonomy/term/5,2,「這還好吧！？」RE-THINK便利商店環保行動調查  53%民眾從未借用循環杯,https://e-info.org.tw/node/242239,2025-10-02 10:06,"台灣新聞
「這還好吧！？」RE-THINK便利商店環保行動調查  53%民眾從未借用循環杯
2025年10月02日
整理：吳奇諺（環境資訊中心記者）
分享到Facebook
分享到Line
分享到Twitter
整理：吳奇諺（環境資訊中心記者）
你有借用過便利商店的循環杯嗎？便利商店是台灣日常消費最重要的場域，RE-THINK與全家連續第二年發布《2025環保素養調查－便利商店篇》，透過問卷調查發現，民眾普遍對環保議題有高度認同感與積極度，垃圾分類、發票存載具等行動駕輕就熟，但有53%的民眾從未借用循環杯。
即日起至本月12日，RE-THINK將於華山1914文創產業園區舉辦「這還好吧！？」生活觀察環境展，以幽默的方式呈現日常生活中眾多「還好的平凡之惡」，例如：「每天買一杯咖啡但都不自備杯子/用循環杯，還好吧？」、「大家不都這樣沒回收也還好吧？」等，直球面對「態度與行為落差」的環保挑戰。
台灣民眾對環保議題高度認同，但行為未完全跟上。發票存載具與垃圾分類成日常習慣，但借用循環杯推廣最不易。圖片來源：RE-THINK 提供
你曾經自帶環保杯或借用循環杯嗎？
RE-THINK重新思考環境教育協會與全家便利商店、國立台灣師範大學永續管理與環境教育研究所合作，於昨（1）日發布便利商店環保素養調查，共回收5805份有效樣本。調查發現，多數民眾高度支持便利商店的環保行動，但實際行為卻出現落差，循環杯、自備杯使用率低，成為最大挑戰。
此次調查以滿分5分評比，發現民眾普遍對垃圾分類、回收有助環保的認知，以及超商提供分類、循環杯等作為，普遍持正向且高度認同的態度，整體平均得分為4.53。
在環保行為方面，調查發現垃圾分類（4.76 分）、發票存載具（4.80 分）已成為民眾的日常習慣，但自帶環保杯（3.91 分）與借用循環杯（1.91 分）表現仍有待加強。主要障礙來自「忘記攜帶」、「不便使用」以及「衛生與信任疑慮」。
全家便利商店公共事務暨品牌溝通室部長吳采樺表示，全家今年推出全國循環杯借還新制，消費者僅需出示會員條碼即可完成借還；且每個杯子歸還後，皆送專業工廠經過25道工序清潔。針對自備杯，每月6號有加碼自帶杯折抵8元回饋，提升民眾使用自備杯、循環杯意願。
RE-THINK：環保5R原則 「拒用」是首要行動
RE-THINK指出，在環保知識方面，整體正確率僅58%。其中，僅三成受訪者答對「Refuse（拒絕）」才是環保5R原則的首要行動，多數人仍誤以為Reuse（重複使用）或Reduce（減少）最重要。顯示大眾雖認同減塑理念，但在源頭減量的優先順序上仍有誤解。
例如在便當包裝方面，有72.2%受訪者偏好店員使用「廢紙箱製成隔熱墊」來取代一次性包材；吸管使用方面，逾八成民眾不希望店員主動提供吸管，其中超過四成表示希望吸管不要放置櫃台，展現「主動拒用」的趨勢。
調查結果也顯示，受訪者最希望加強回收教育的前三大場域為：超商與超市（24%）、大眾運輸車站（22.1%）、政府單位（12%）。RE-THINK 指出，若能加強高人流空間的分類設施與資訊透明，將對全民環保素養提升發揮顯著影響。
捷運站的循環杯借還機台。本報資料照。
「這還好吧！？」生活觀察環境展 用菸蒂、牛奶瓶打造裝置藝術
面對「態度與行為落差」的挑戰，RE-THINK現正舉辦「這還好吧！？」生活觀察環境展。RE-THINK指出，台灣每年銷售362億支香菸，其中25%被隨意棄置，相當於一分鐘就有1萬7100根被隨意丟棄，展場亮點之一就是以大型壓克力錶框的方式呈現菸蒂隨意棄置的情況。
展區另一亮點，則是以回收數千支超商咖啡業務用牛奶瓶，所打造出的巨型裝置藝術牆面，呈現出全家自 2024年起所建立起的規模化回收體系。
RE-THINK指出，此次展覽限定商品「堂堂正正的塑膠環保袋」，是 100%由全家咖啡業務用牛奶空瓶回收再製而成，邀請民眾前往觀展時將這份永續行動一併帶回家、重複使用。
「這還好吧！？」生活觀察環境展
● 時間：2025/10/1（三）～10/12（日）10:00～20:00
● 地點：華山1914文創產業園區中2館
● 主辦單位：RE-THINK重新思考、全家便利商店
● 展覽網頁：
https://rethinktw.cc/AIBNT
● 參與方式：免費入場
● 本展覽由全家零錢捐計劃支持,即日起至 11/11,到全台全家店舖投下零錢或透過全家 FamiPort、APP 捐款支持 RE-THINK 推動 #全民回收新運動 計畫
「這還好吧！？」生活觀察環境展向民眾募集菸蒂，共創大型展品，凸顯全台一分鐘就有1萬7100根被隨意丟棄的驚人現況。圖片來源：RE-THINK 提供
「這還好吧！？」生活觀察環境展回收數千支超商咖啡業務用牛奶瓶所打造的巨型裝置藝術牆，不但源頭減量，更展現「全家」規模化回收體系的成果。圖片來源：RE-THINK 提供
延伸閱讀
自備環保杯之外的選擇 循環容器怎麼推？ 還缺清洗、逆物流體系
循環杯上路半年僅三成民眾使用 綠色和平促設定價差增加誘因
首次便利商店環保素養調查：六成索取一次性用品 近四成錯誤回收
相關文章
全台禁廚餘餵豬 廚餘回歸堆肥、焚化、掩埋 哪些縣市首當其衝？
2025/10/23
循環經濟路徑圖草案亮相 拚2050年經濟成長與資源消耗脫鉤
2025/10/22
丹娜絲風災提前吹出光電板汰役問題 立委憂處理量能、災損兩頭賠
2025/10/20
每個月會收到幾份帳單？ 電子跟紙本比 環境影響差距上百倍！
2025/10/14
電風扇是國人最常修理家電 環境部全台維修串聯活動10/18登場
2025/10/03
從高壓清洗機到電鋸都可借 全美近80家「工具圖書館」提供永續生活好選擇
2025/10/03
循環經濟
台灣新聞
減塑
循環杯
便利商店
資源回收
環境教育
作者
吳奇諺
編輯／旅人／觀察者
走過山與海，願它能永遠美麗。"
https://e-info.org.tw/taxonomy/term/5,3,北市開罰二件中秋禮盒過度包裝 環境部環保禮盒評比大賞揭曉,https://e-info.org.tw/node/242233,2025-10-01 10:43,"台灣新聞
北市開罰二件中秋禮盒過度包裝 環境部環保禮盒評比大賞揭曉
2025年10月01日
整理：吳奇諺（環境資訊中心記者）
分享到Facebook
分享到Line
分享到Twitter
整理：吳奇諺（環境資訊中心記者）
每到中秋前夕，各大商場總會展售琳瑯滿目的中秋禮盒。台北市環保局近來針對市售中秋商品進行禮盒包裝稽查，共查出二件產品過度包裝，依法處以3～15萬元罰鍰。北市環保局提醒，業者應避免禮盒過度包裝，民眾選購禮盒可以秉持「
一多三少」原則，禮輕情意重。
環境部資源循環署則舉辦「綠意匠心環保禮盒評比大賞」，展示業界的設計巧思，讓送禮不再變垃圾，金獎結果也揭曉。
北市環保局稽查，吉品養生股份有限公司的禮盒包裝體積比值不符合規定。圖片來源：台北市環保局 提供
依規定，禮盒包裝體積比值須小於1，北市環保局稽查，林記順發企業有限公司的禮盒包裝體積比值超標。圖片來源：台北市環保局 提供
北市查獲二件中秋禮盒過度包裝 將處3～15萬罰鍰
中秋佳節將至，市場上各式禮盒琳瑯滿目，
但過度包裝的問題也隨之浮現。今（2025）年北市環保局針對轄內市售糕餅、酒、化妝品、
加工食品等五類中秋節商品，進行禮盒包裝稽查，206件稽查商品中，查獲二件過度包裝商品。
環保局昨（9月30日）發布新聞稿指出，違規包裝禮盒分別為林記順發企業有限公司的「精緻雙醬禮盒」、吉品養生股份有限公司的「【無二】小嶼酥禮盒（綜合版）」，經量測禮盒包裝體積比值不符合規定，依違反《資源回收再利用法》，將處以3～15萬元罰鍰。
月餅包裝最多幾層？體積能多大？ 線上平台試算
環保局表示，業者推出禮盒產品前可先至「
一次用產品源頭減量宣導網
」試算，
自我檢視販售的禮盒是否符合「限制產品過度包裝」規定，
避免販售過度包裝產品。依規定，禮盒包裝體積比值須小於1（包裝體積比值＝包裝體積／額定包裝體積）。
另外，法規針對包裝層數也有限制。如糕餅不得超過三層，化粧品、酒、加工食品不得超過二層，只要完全包裹產品的包裝就算一層。以中秋最常見的月餅禮盒為例，置於紙盒內，用塑膠袋封裝的小月餅，等於有兩層包裝，符合法規限制。
環境部舉辦環保禮盒大賞 金獎揭曉
北市環保局提醒民眾在挑選禮盒時，可秉持「
一多三少」原則：選擇產品份量多、包裝材料少、包裝種類少、
包裝印刷少的商品，禮輕情意重。而為鼓勵企業將送禮的心意延伸到環境永續，環境部資源循環署舉辦「綠意匠心環保禮盒評比大賞」，展示業界透過設計巧思，解決「送禮變垃圾」的痛點，結果於昨日揭曉。
資源循環署表示，本次評選依循一多三少原則，選出最符合綠色設計精神的產品，共有三項產品榮獲「環保設計金獎」。
發現者電商股份有限公司的「法國Patrick Font精品果汁四入提盒」，包裝採用單一材質，並透過卡榫結構結合提把，無任何黏貼或塑膠，徹底實踐包裝材料的減量。
霆達科技股份有限公司的「KONNECT 永續匠心．臻藏酒禮盒」，包裝採用一體成形的無膠單層設計，使用FSC認證紙材，在具備儀式感的同時，可達到回收最大化。
吉品養生股份有限公司的「福貴糕 小福貴（黃金柚子）」，泡殼採用全生物分解材料，可進行自然堆肥分解，將包裝的生命週期延長，兼顧產品品質與環境友善。
資源循環署指出，完整獲獎名單可上「
一次用產品源頭減量宣導網
」參考。
「綠意匠心環保禮盒評比大賞」環保設計獎及最佳人氣獎得獎名單。圖片來源：環境部 提供
延伸閱讀
年曆、環保餐具別再送！  環保送禮三個提案，用心設計創造驚喜
水果成「過度包裝」之最 綠色和平呼籲訂超市蔬果裸賣指引
網購包裝減量7月上路 環團：減「重」難減「量」
相關文章
禁廚餘養豬，全台每日2000噸廚餘去哪裡？ 四個問題看環境部最新盤點情形
2025/10/23
全球合作40年有成：南極臭氧層破洞縮小 本世紀中葉有望復原
2025/10/22
中國空氣污染西移，背後原因是什麼？
2025/10/20
環境部研議水面光電納環評 破損光電板水質檢測無虞
2025/10/17
光電謠言不斷 七大公協會闢謠：水庫光電板只用清水洗
2025/10/15
影響內分泌且會累積體內 環境部預告禁用甲氧滴滴涕
2025/10/14
污染治理
台灣新聞
過度包裝
綠色包裝
禮物經濟
一次性包裝
包裝減量
作者
吳奇諺
編輯／旅人／觀察者
走過山與海，願它能永遠美麗。"
https://e-info.org.tw/taxonomy/term/5,3,從古冰川轉向研究高溫熱浪 中研院研究員李時雨：「熱壓力」如何偷走我們的生產力？,https://e-info.org.tw/node/242230,2025-10-01 10:42,"台灣新聞
從古冰川轉向研究高溫熱浪 中研院研究員李時雨：「熱壓力」如何偷走我們的生產力？
2025年10月01日
轉載自研之有物；文：林雯菁；美術設計：蔡宛潔
分享到Facebook
分享到Line
分享到Twitter
轉載自研之有物；文：林雯菁；美術設計：蔡宛潔
「熱」和我們的生活息息相關，每當看到氣候變遷、全球暖化的新聞，或許還覺得有些遙遠，但如果看看其他新聞，你會發現「
老人在家中捨不得吹冷氣而中暑
」、「
高溫剝奪兒童戶外遊戲權
」、「
研究證實高溫加速人體老化
」，嚴峻的高溫日益衝擊著人體的健康，而那些必須在戶外工作的勞工群體更是危險。中央研究院「研之有物」專訪院內環境變遷研究中心李時雨副研究員，她與團隊利用氣候科學資料，搭配「綜合溫度熱指數」（WBGT），具體呈現北半球大城市、以及我們身處的台灣，所面臨的嚴峻高溫與熱壓力（Heat Stress）。
根據歐盟哥白尼氣候變化服務機構的預測，如果維持近 30 年的長期暖化趨勢，人類將在2029年，突破全球暖化1.5℃的門檻。圖片來源：C3S global temperature trend monitor
2023年，人類迎來史上最熱一年，全球均溫比工業化前上升了
1.48℃
。當時聯合國秘書長古特瑞斯（António Guterres）直言：「全球沸騰的時代已經到來」。不意外地，2024年全球均溫再次突破紀錄，升溫高達
1.6℃
。根據歐盟哥白尼氣候變化服務機構（Copernicus Climate Change Service, C3S）的預測，若暖化趨勢不變，人類最快將在2029 年，突破《巴黎協定》的
1.5℃警戒線
。
不斷刷新的高溫紀錄，與日益頻繁的熱浪，正衝擊著全體人類的健康、社會安全與勞動生產力。
源自一場巴黎熱浪：氣候學家的研究轉向
身為
《暖化趨勢下的台灣極端高溫與衝擊》
報告的作者之一，李時雨並非一開始就關注高溫衝擊的議題，「我過去是做很長期的氣候變遷，就是一般人說的古氣候，跟地質學比較相關。」她笑著說。
李時雨之所以對高溫有興趣，源自某次與中研院環變中心龍世俊研究員一起在巴黎的經歷。「那次在巴黎開會，我們兩個是室友，剛好遇到熱浪，坐在一個沒有電風扇的小房間裡，非常非常熱。」李時雨回憶道。當時龍世俊正在做高溫與健康的研究計畫，兩人於是在氣候科學與公共衛生領域有了深入的對話。
親身體驗過巴黎的高溫，讓李時雨意識到，「熱」的議題對社會影響其實很大，她開始探索一個關鍵指標「綜合溫度熱指數」（WBGT）。李時雨說：「當時龍老師提到她正在測量 WBGT，我才發現，其實氣候模式裡的所有資料都能用來計算這個指標。」那次對話，為李時雨的研究開啟了新的道路，她的視角從古老的冰川氣候變遷，轉向與生活息息相關的高溫衝擊。
親身體驗過巴黎的高溫，讓李時雨意識到，「熱」的議題對社會影響其實很大。圖片來源：研之有物
解讀熱壓力的指標：WBGT
根據《暖化趨勢下的台灣極端高溫與衝擊》，台灣在1910～2020年間，台北、台中、台南、恆春、花蓮、台東等六個測站所記錄到的極端高溫天數，都有逐年上升的趨勢​。對住在台灣的我們來說，準確評估高溫對人體健康的衝擊相當重要。
過去，當我們談到「熱」，除了氣溫，還會看「
體感溫度
」。例如同樣是 33℃，潮濕的台灣比起乾燥的日本，更容易讓人覺得不舒服，因為濕度高的環境不容易散熱。而微風徐徐的環境，比空氣悶住的環境讓人覺得更舒服，這是因為風能帶走皮膚表面的熱。
然而，現行體感溫度的計算公式忽略了熱輻射的影響。如果要更真實反映人體在炎熱環境中的感受，仍有所不足。
因此，李時雨在研究中選用了
WBGT
，同時考慮氣溫、濕度、風速以及太陽輻射的影響，量化環境對人體的熱壓力。「壓力」一詞，通常是指讓生物偏離穩定狀態的外在刺激；而熱壓力，也就是高溫環境對身體造成的生理負荷和風險。
龍世俊曾分析台灣2000～2017年資料，她發現當「每日最高WBGT」大於32.5℃時，全台灣熱相關疾病的急診數量是
其他較低溫天數的1.83 倍
。不僅如此，龍世俊在2025年的
最新研究
，進一步測量了大台北地區建築工地的熱壓力，發現因高溫導致的生產力損失，高達30～40%。
可以說，WBGT的數值越高，意味著人體面臨的熱壓力越大，需要更長的休息時間來避免中暑或其他熱相關疾病。
WBGT怎麼看？工作環境安全嗎？
最初WBGT用於軍隊戶外操演，後來廣泛應用在勞動安全領域，評估建築工人或運動員等戶外工作者的高溫風險。計算WBGT需要用儀器取得三種溫度，分別是濕球溫度、黑球溫度以及乾球溫度。
濕球溫度計是模擬人體流汗散熱的能力，並考慮風速的影響；黑球溫度計則模擬人體曝曬太陽的情況；乾球溫度計則是平常看到的空氣溫度。量測出這三種溫度，就可以計算WBGT，單位℃或℉皆可
[1]
。
手持式 WBGT 電子儀器，由左至右為黑球溫度計、濕球溫度計和乾球溫度計。圖片來源：Wikipedia
WBGT 溫度指標 = 70% 濕球溫度 + 20% 黑球溫度 + 10% 乾球溫度。資料來源：The Nicholas Institute at Duke University。圖片來源：研之有物
計算出WBGT之後，還需要對應一張風險燈號表格，顯示當下WBGT適合的工作與休息頻率。李時雨在研究北半球城市熱壓力的論文中，採用以下表格。
WBGT、警示燈號及建議休息時間對照表。資料來源：Int. J. Environ. Res. Public Health。圖片來源：研之有物
舉例來說，當WBGT為30℃時，警示燈為黃燈，表格建議高溫勞作一小時之中，每工作45分鐘便須連續休息15分鐘，避免長期暴露在高熱環境，導致脫水、熱衰竭，甚至中暑。
李時雨說：「就像空污指標一樣，用顏色來傳達風險最直觀。有人跟你說現在空氣品質的AQI是多少，你可能沒感覺，但只要他跟你說紫爆，你就會知道今天盡量不要出門。WBGT也一樣，當勞工看到預警是黑燈，就能馬上意識到，現在的環境熱壓力非常危險！」
隨著氣候變遷加劇，可以預期未來紅燈與黑燈的高溫天數將愈來愈多，不只是戶外工作者，愈來愈多人會面臨熱相關的健康風險，整體社會的生產力也會受到影響。如何保護高風險族群，成為我們必須面對的課題。
從全球到台灣：高溫如何偷走我們的生產力
李時雨與團隊在2022年發表的論文，使用ERA5重分析資料
[2]
量化了熱壓力如何影響生產力。研究顯示，2010～2019年這十年，北半球各大城市熱壓力與日俱增。
不管是亞洲的東京、上海，歐洲的巴黎、馬德里，或是非洲的開羅和北美的紐約、洛杉磯，在統計期間的後五年，WBGT普遍比前五年來得高。其中，亞洲情況最為嚴峻。
「我們將亞洲的WBGT轉換成夏季戶外勞動者需要的休息時間」，李時雨如此說，這裡的夏季指的是6～8月。結果顯示，北京、新德里、廣州、喀拉蚩、以及加德滿都，在2015～2019年的夏季高溫勞作休息時間，相較於2010～2014年，平均至少增加100個小時，新德里和廣州甚至增加超過200小時！
圖A為2010～2014年北半球亞洲城市的夏季高溫勞作休息時間（統計6～8月）。圖 B 為後五年（2015～2019）扣掉前五年（2010～2014）的夏季高溫休息時間趨勢。黃色是黃色燈號所需的累積休息時數，以此類推，紅色為紅色燈號，黑色為黑色燈號。資料來源：李時雨。圖片來源：研之有物
亞洲城市裡面，新德里面臨的熱壓力最大，光是2010～2014年夏季高溫勞作休息時間，就已經累計了1300小時，每天將近有3小時工作時間，因為太熱要休息，這就是被熱壓力偷走的生產力。而2015～2019年之間，夏季高溫勞作休息時間又增加了260小時，相當於每天適合工作時間又減少了半小時！
令人擔憂的是，增加的高溫風險，大多來自危險的「黑燈」。而熱壓力最為明顯的南亞城市，往往也是勞動法規保障最薄弱的地區，戶外勞動者正暴露在雙重風險之下。
接著，鏡頭拉回台灣。李時雨團隊在《暖化趨勢下的台灣極端高溫與衝擊》中使用了ERA5重分析資料估計台灣2011～2015年間的熱壓力，並採用「擬暖化模擬」（PGW）
[3]
預測「全球增溫2℃」或「全球增溫 4℃」的情境下，台灣的 WBGT 將會上升多大幅度。
在增溫4℃ 的情境下，台北在8月份白天最高溫時，WBGT將會增溫超過3 ℃，且WBGT>28 ℃的情況會維持到傍晚7點以前。等於說，工作到很晚的戶外勞動者，也須注意高溫風險。
如果轉換成高溫勞作休息時間，先看對照組，2011～2015年台北7月份的高溫勞作休息時間累計超過100小時，相當於每天有40分鐘的生產力被熱壓力偷走。
在增溫4℃情境下，台北夏季的紅燈和黑燈明顯增加，7月份的高溫勞作休息時間將累計超過350小時，相當於每天有2.3小時的生產力損失。
若用增溫2 ℃的情境來模擬，結果雖然沒那麼極端，但7月份的高溫勞作休息時間將累計超過200小時，相當於每天工時有1.3小時因高溫需要休息。
無論如何，兩個模擬情境都顯示，台灣未來的勞動安全與經濟，將受到高溫的衝擊。
2011～2015 年之間，台北高溫勞作休息時間累積圖，橫軸為月份，每個月有三條柱狀，最左邊為控制組，中間為模擬增溫2℃，最右邊為模擬增溫4℃。黃色代表因黃色燈號所需的累積休息時數，紅色為紅色燈號，黑色為黑色燈號。圖片來源：暖化趨勢下的台灣極端高溫與衝擊
迎戰熱浪：氣候科學與社會韌性
該如何因應步步進逼的高溫風險？李時雨強調，「升溫4℃ 情境下的結果是不太樂觀，但仍屬於比較極端的模擬情況。」這也意味著，我們還是有機會避免最壞的情況發生。
氣候科學可以預測未來的趨勢，但解方仍須整個社會投入努力。首先，高溫和極端降雨可能會加速基礎設施的老化，都市建設必須將氣候變遷納入考慮。水資源管理也很重要，降雨型態的改變，可能會導致水資源短缺或分布不均。此外，極端天氣也將造成更多農業損失，像是颱風、暴雨、乾旱或寒流等，除了仰賴農業技術，也需要更多輔導策略，幫助農民適應氣候變遷。
同樣地，公衛體系應擬定針對熱浪和登革熱等傳染病的應對策略。勞動政策也應確保首當其衝的戶外勞動者，在高溫期間有充足的休息時間和防暑設施。
然而，要做出更精準的策略部署，氣候科學也須不斷精進。李時雨提到，目前氣候研究有兩個主要方向：一個是改善氣候模式
[4]
的準確度，另一個是發展更細膩的「中期預報」。
「天氣預報看的是未來一週，而氣候模式看的是幾十年後的趨勢，兩個時間尺度之間存在一個等待探索的區域」，李時雨說。發展結合天氣和氣候資料的中期預報技術，將會更精準地預測未來幾年的氣候風險。
訪談中聊到近年快速發展的AI，李時雨說：「AI可以從過去的資料中學習，提供初步、比較巨觀的預測，就像顯微鏡的粗調旋鈕，在某些情況下足夠準確。而氣候模式就像顯微鏡的細調旋鈕，可以提供更精準的細節調整，例如長時間的氣候變化。」
雖然氣候變遷已成定局、熱壓力帶來的危害只會增加不會減少。李時雨認為，在個人層次上，民眾仍可以主動降低衝擊，即便只是在裝潢時考慮通風，也能降低一定的風險。
需要更多跨領域的對話
遇到巴黎熱浪的李時雨，萌生了使用氣候模式來推估氣候變遷下的WBGT趨勢的想法。礙於當時氣候數據的精度仍不夠高，難以精確推估小範圍內的WBGT。所幸，隨著技術的進步，ERA5提供了高解析度的資料，讓李時雨的研究構想得以實現。
那場在巴黎的學術交流，是一場跨領域的對話。李時雨說，跨領域合作並非毫無挑戰，畢竟不同學科的研究方法和語言有時會導致溝通上的困難，不過李時雨仍然非常肯定跨領域合作的重要性。
她認為社會面臨的種種難題，都不是仰賴單一領域的研究就可以找出解方的。就如同熱壓力的研究，也需要社會學、公共衛生等領域的學者密切合作，讓研究結果更具應用價值。
她希望透過自己的研究，讓更多人了解氣候變遷的危機，也期待當局能看見這些研究結果，採取相應的措施，改善民眾生活。
註釋
[1]
WBGT = 70% 濕球溫度 + 20% 黑球溫度 + 10% 乾球溫度
[2]
ERA5 重分析資料，是由歐洲中期天氣預報中心所提供的第五代全球大氣再分析資料集，結合了歷史觀測數據與現代氣候模式來重建過去的天氣狀況，範圍涵蓋全球從1940年至今的詳細天氣與氣候資料。其優點包括網格精細度提升至31公里、時間精準到以一小時為單位、涵蓋多種大氣變量、覆蓋全球，且可提供長期一致的數據。
[3]
擬暖化模擬（PGW），則是一種氣候建模技術，透過將升溫或濕度變化等變項加到歷史天氣數據中，模擬在全球變暖情況下氣候的變化，PGW_2C 和 PGW_4C 表示分別模擬全球氣候升溫2℃和升溫4℃的氣候狀況。
[4]
氣候模式可用來模擬氣候變遷，利用超級電腦進行大量運算來模擬全球或區域範圍內，不同氣候子系統內以及子系統間的交互作用，立基於輻射、對流、氣溶膠、降水蒸發……等物理或化學過程的數學方程式。這些數據可以幫助科學家準確預測未來的氣候變化，幫助科學家理解哪些地區會受到最嚴重的熱壓力衝擊。
參考資料
Heat stress and productivity losses in urban construction workforces.
Nature Cities
,doi:
https://doi.org/10.1038/s44284-025-00283-1
Observations and estimates of wet-bulb globe temperature in varied microclimates.
Journal of Applied Meteorology and Climatology
,doi:
https://doi.org/10.1175/JAMC-D-23-0078.1
Northern hemisphere urban heat stress and associated labor hour hazard from ERA5 reanalysis.
International Journal of Environmental Research and Public Health
,doi:
https://doi.org/10.3390/ijerph19138163
Copernicus Climate Change Service（2025年9月19日）
中央研究院（2025年8月1日），
城市建築勞工的熱壓力與生產力損失
臺灣氣候變遷推估資訊與調適知識平台（2024年），
暖化趨勢下的臺灣極端高溫與衝擊
Jeff Goodell（2024）。《熱浪會先殺死你》（徐仕美、畢馨云譯）。麥田。
李時雨個人頁面
※ 本文由
研之有物
製作
，原文為〈
高溫如何偷走生產力？當熱浪來襲時，你需要知道「熱壓力」—專訪李時雨
〉，以創用 CC 姓名標示–非商業性–禁止改作 4.0 國際 授權條款釋出。
延伸閱讀
抗高溫多管齊下 環境部建降溫地圖、勞動部預防熱危害
從一年四季到「五季」 日本業者因應猛暑推行銷策略
30°C以上工傷事故風險增5% 看歐洲各國如何保護高溫下的勞工
相關文章
澎湖150隻黑面琵鷺過境創新高、冰島首度發現蚊子、英國科學家培育出抗豬瘟品種豬隻
2025/10/23
能源業務首度脫離產業 韓國新「氣候能源環境部」如何走出四難困局？
2025/10/22
恆春半島又現狂犬病鼬獾、研究指美肉類消費碳排直逼化石燃料、賽普勒斯野貓氾濫成災
2025/10/22
強風揚塵雲嘉南空品一度「紫爆」、新北動保處成功孵化黑眉錦蛇、全球暖化讓北海道成為葡萄酒產區
2025/10/21
川普祭關稅、簽證威脅 全球海運碳費延後一年再議
2025/10/20
中山大研究揭颱風幫海洋深呼吸、風神過境菲律賓釀8死、美國蓋資料中心引發鄰避效應
2025/10/20
氣候變遷
台灣新聞
高溫
熱浪
暖化
極端氣候
高溫警報"
https://e-info.org.tw/taxonomy/term/5,3,減碳還能改善土壤健康？ 台灣首例「增強岩石風化」試驗有成,https://e-info.org.tw/node/242041,2025-10-01 10:30,"台灣新聞
減碳還能改善土壤健康？ 台灣首例「增強岩石風化」試驗有成
2025年10月01日
轉載自Reccessary；文：編輯部
分享到Facebook
分享到Line
分享到Twitter
轉載自Reccessary；文：編輯部
台灣首例「增強岩石風化」（ERW）碳匯試驗8月21日傳出有成果，慈心有機農業發展基金會攜手台大農化系及京都府立大學生命與科學院，在新北市三芝農田以玄武岩促進土壤碳匯，歷時15個月完成試驗。結果顯示，將玄武岩粉末與有機資材合併施用後，作物產量增加兩倍，土壤增匯更超過20%，展現ERW技術在農業減碳與增產上的潛力。
研究團隊使用日本玄武岩粉末於土壤中，進行碳匯與作物生長試驗。圖片來源：臺灣大學農業化學系特聘教授許正一提供
台灣首例ERW試驗：土壤更健康、碳儲量增逾20%
增強岩石風化（Enhanced Rock Weathering）是一種碳移除技術，將玄武岩等富含鈣與鎂的矽酸鹽岩石破碎、磨成細粉，可加速岩石與二氧化碳的自然反應，不僅將大氣中的二氧化碳轉化為碳酸鹽儲存在土壤中，也能用來改善土壤健康。
慈心基金會表示，此次試驗以日本玄武岩粉末與有機資材為主要土壤改良劑，針對酸性土壤進行碳匯與作物生長效益評估。三方合作從2023年8月至2024年10月，透過種植玉米與狼尾草，並分別比較玄武岩粉末、有機資材，以及合併施用的方式，於酸性土壤田中進行自然碳匯試驗。
研究結果顯示，玄武岩粉末與有機資材合併施用後，可使土壤碳儲量提升20.5%，作物產量為完全不施肥的兩倍以上，同時能提升土壤pH值與增進作物營養品質。
為達成2050年淨零，台大農業化學系特聘教授許正一表示，策略性地推動與實施負碳技術，成為極具發展潛力的作法，而在眾多負碳技術中，透過加速岩石風化作用，將玄武岩施用於土壤被視為最具潛力的方式之一。
增強岩石風化技術除了有助提升土壤碳儲量，也能改善土壤健康。圖為玉米收成。  圖片來源：京都府立大學生命環境科學研究科副教授中尾淳Atsushi Nakao提供
玄武岩粉提升土壤pH值，兼顧農業生產與環境永續
該項碳移除技術凸顯在全球氣候變遷日益加劇，土壤改良對環境與農業生產效益具高度潛力。京都府立大學生命與環境科學院副教授中尾淳（Atsushi Nakao）表示，玄武岩粉末施用也使土壤pH值由5.1提升至5.7，並維持15個月，有助於改善台灣65%酸性耕地的作物生長條件。
慈心基金會指出，雖然單獨施用玄武岩短期內對穩定型碳庫貢獻有限，但與有機資材合併施用後，不僅有效捕捉並固定大氣中的二氧化碳，並可對土壤微生物、生態系統及作物生長提供具潛力的正面影響，兼具環境永續與農業生產策略效益。
玄武岩施用不僅有助於碳封存，也能補充土壤所需的微量元素。英國洛桑研究所調查發現，自農業生產技術變革（綠色革命）以來，糧食作物中鋅、鐵、銅等微量元素濃度持續下降，導致作物營養密度降低，引發「隱性飢餓」問題。反映出農業過度依賴氮、磷、鉀等主要肥料元素，反倒忽略其他對人類健康同樣重要的微量元素。
慈心基金會表示，在推動負碳技術的同時，也須兼顧土壤健康與食物營養品質，為農業永續與人類營養安全提供雙重效益。慈心基金會執行長蘇慕容表示，近30年來基金會持續於有機與友善農業中不斷試驗與實踐，以「生產、生態、生活、生命」開展出的綠色保育、保種行動、本土雜糧復耕與里山地景生態營造等行動。
※ 本文經授權轉載自《RECCESSARY》，原文標題〈
台灣首例「增強岩石風化」試驗有成果：作物產量增2倍、土壤碳匯提升逾20%
〉。不適用CC共創授權條款
RECCESSARY｜延伸閱讀
XPRIZE碳移除首獎揭曉：新創Mati Carbon減碳兼顧小農生計，打敗千隊奪冠
樂高加碼投資碳移除計畫，攜英法團隊布局生物炭、增強岩石風化技術
延伸閱讀
神奇海藻「海門冬」可減少牛羊99%甲烷排放 水試所首創人工量產技術
國家公園年移除300萬公噸二氧化碳 健全生態系助增匯減碳
能源署溝通地熱與CCUS旗艦計畫 減碳關鍵在「地底」?
相關文章
全台禁廚餘餵豬 廚餘回歸堆肥、焚化、掩埋 哪些縣市首當其衝？
2025/10/23
循環經濟路徑圖草案亮相 拚2050年經濟成長與資源消耗脫鉤
2025/10/22
丹娜絲風災提前吹出光電板汰役問題 立委憂處理量能、災損兩頭賠
2025/10/20
每個月會收到幾份帳單？ 電子跟紙本比 環境影響差距上百倍！
2025/10/14
電風扇是國人最常修理家電 環境部全台維修串聯活動10/18登場
2025/10/03
從高壓清洗機到電鋸都可借 全美近80家「工具圖書館」提供永續生活好選擇
2025/10/03
循環經濟
新北市
台灣新聞
碳匯
碳封存
土壤改良
永續農業
風化"
https://e-info.org.tw/taxonomy/term/5,3,環評解方ｘ公民對談北部場 探討環境預審制度與第三方查核,https://e-info.org.tw/node/242232,2025-09-30 16:24,"氣候變遷
台灣新聞
環評
深度低碳新聞
作者
鍾依靜
數據是另一種語言。
擅長說話，但喜歡不會說話的山、海、動植物。
The proof of the pudding."
https://e-info.org.tw/taxonomy/term/5,3,上半年首見經濟成長、用電負成長 經濟部下修未來10年用電預測成長率1.7%,https://e-info.org.tw/node/242225,2025-09-30 10:55,"能源轉型
台灣新聞
再生能源
火力發電
能源規劃
燃氣機組
太陽能
深度低碳新聞
作者
陳昭宏
探索矇矓中開展的世界、滲透身體的網，與身體和環境結盟，共同行動。"
https://e-info.org.tw/taxonomy/term/5,3,祖靈的女兒：排灣族首席女巫包惠玲（Mamauwan）在人與神之間維繫連結​​​​​​​,https://e-info.org.tw/node/242194,2025-09-30 10:07,"台東
台灣新聞
原住民文化
原住民
傳統文化
作者
蕭紫菡
蕭紫菡，政大新聞系畢，現任《環境資訊電子報》、《故事：寫給所有人類的歷史》、《50+plus》、《人物誌》等特約記者，悠遊於文字與劇場之間。"
https://e-info.org.tw/taxonomy/term/5,3,動保團體農業部前抗議喊「餵食無罪」 野保團體︰政策應回歸科學和事實,https://e-info.org.tw/node/242223,2025-09-26 17:49,"台灣新聞
動保團體農業部前抗議喊「餵食無罪」 野保團體︰政策應回歸科學和事實
2025年09月26日
環境資訊中心記者 袁慧妍報導
分享到Facebook
分享到Line
分享到Twitter
環境資訊中心記者 袁慧妍報導
《動物保護法》預期這個立法會期修法，民間開始有禁餵遊蕩動物的倡議，為此動保團體於今（26）日到農業部門外抗議禁餵入法，約200名動保人士頭戴「餵食≠飼主」的布條，舉著「餵食無罪」的標語，高呼「外來種又怎樣？我們就是愛！」活動召集人黃泰山表示，餵食是為了方便管理遊蕩犬、落實絕育；又質疑野保團體是擔心經費被動保搶走才「眼紅」。
為野生動物而走行動聯盟理事長李宗宸則在同日回應稱，野保團體關注的不是經費，而是野生動物真實的犧牲，包括草鴞、石虎、穿山甲等犬殺事件都有影像和數據支持，並呼籲政府政策討論應回到科學和事實，以公共利益為依據，不該被部分團體的口號綁架。
有動保人士帶上狗狗參加抗議禁餵入法活動。攝影︰袁慧妍
動保團體抗議禁餵入法 稱餵食有助管理遊蕩犬
動保團體於今（26）日號召全台動保人士到農業部門外，抗議禁餵入法。抗議從下午2時半開始，警方在農業部外架起重重鐵馬，預估現場抗議人士有200人。動保人士頭戴「餵食≠飼主」的布條，舉著「餵食無罪」、「反霸凌愛媽」、「我們要活下去」的標語，更有人高呼「我們就是選票！」、「外來種又怎樣？我們就是愛！」
活動召集人黃泰山向《環境資訊中心》表示，動保團體並非希望狗在外遊蕩，但若禁餵入法，遊蕩犬會為覓食而重返都市。他稱餵狗是為了方便管理遊蕩犬、為其絕育，如實行禁餵，犬隻只會因飢餓攻擊性更強。
他在台前發言時直呼：「讓狗死在外面，這樣的國家有希望嗎？早晚要亡國了！」並質疑野保團體提出的野生動物遭犬殺問題，「如果狗會咬野生動物早就有了，為什麼現在才講？」批評是因為野保團體擔心動保團體搶走經費，「他們眼紅。」
近200名動保人士聚集農業部外，反對禁止餵食遊蕩動物的條款入法。攝影︰袁慧妍
動保人士展示遊蕩犬瘦弱的照片。攝影︰袁慧妍
野保團體「為野生動物而走行動聯盟」理事長李宗宸則在同日回應稱，野保團體關注的不是經費，而是真實的犧牲。他強調，草鴞、石虎、穿山甲等野生動物被犬群攻擊，都存在影像和數據等客觀證據，且近年因爲郊區遊蕩動物問題逐漸失控，淺山動物如穿山甲的主要死亡因素已從過去的陷阱，演變成犬殺，顯示問題嚴重性的變化。
李宗宸稱，野生動物死亡不是經費競爭的附帶話題，「而是台灣生態正在流血的證據。請不要把這麼嚴肅的生態議題，簡化成利益之爭。」
穿山甲遭犬咬傷但未遭捕食。圖片來源︰台灣野灣野生動物保育協會提供
野保團體聲明回應：一時的「善意」卻在製造高風險熱區
為野生動物而走行動聯盟也發出新聞稿，指長期以來的調查指出，遊蕩犬貓族群的規模與人為餵食行為高度相關。研究亦顯示在固定餵食點周邊，犬隻族群的密度很高，更容易造成犬隻交通事故。這種「聚集」現象，還可能加劇跨物種疾病的交叉感染，也使人與動物之間的衝突更為頻繁。對餵食者而言，也許是一時的「善意」，但實際上卻是在製造高風險熱區。
該聯盟亦指出，部分團體主張「吃飽了就不會攻擊人或野生動物」論述，已有大量案例推翻。遊蕩犬即使是在飽食狀態，仍會基於本能展開「娛樂性狩獵」，即出於玩耍或追逐的慾望，攻擊牲畜、野生動物，甚至傷害人類。
聯盟亦呼籲政府，不要被部分團體的口號與迷思綁架，禁止餵食能有效切斷問題源頭。政策討論應回到科學和事實，並以公共利益為依據。
在陽明山的步道上，常會遇到遊蕩犬。攝影︰袁慧妍
江文全：《動保法》修法草案目前無禁餵條文
抗議開始後，農業部動物保護司司長江文全也有出面回應動保團體訴求，表示無論是農業部還是行政院的《動保法》修法草案，都沒有禁餵、餵食負飼主責任的條文，但也強調農業部立場是不鼓勵餵食任何動物。不過，在社會有共識前，禁餵不會入法。
黃泰山則稱，江文全曾在通訊軟體Line上向他「承諾」，針對餵食管理，會回到《廢清法》及《國家公園法》。對此江文全僅再次重申立場便離開現場。現場人士非常激動不滿，直言動保司「官僚」。
黃泰山於下午4時宣布集會結束，他個人會在農業部外待3天，揚言不吃飯，要求動保司公開承諾禁餵不入法。他亦對《環境資訊中心》的記者表示，如動保司不願承諾，未來不排除有更激烈的行動。
抗議活動發起人黃泰山（右二）要求動保司江文全（右一）公開承諾不會將禁餵遊蕩犬貓入法。攝影︰袁慧妍
動保人士在抗議現場設「獸魂碑」並獻白花，悼念2017年「零撲殺」政策前被安樂死的遊蕩犬貓。攝影︰袁慧妍
延伸閱讀
禁餵遊蕩犬貓、餵食者須負飼主責任——為何他們在一片爭議聲中堅持提案？
最新研究證實遊蕩犬威脅鼬獾、食蟹獴生存空間 共域難共存！
相關文章
《山與林的深處》：台裔環境歷史學家的尋鄉之旅
2025/10/24
澎湖150隻黑面琵鷺過境創新高、冰島首度發現蚊子、英國科學家培育出抗豬瘟品種豬隻
2025/10/23
恆春半島又現狂犬病鼬獾、研究指美肉類消費碳排直逼化石燃料、賽普勒斯野貓氾濫成災
2025/10/22
強風揚塵雲嘉南空品一度「紫爆」、新北動保處成功孵化黑眉錦蛇、全球暖化讓北海道成為葡萄酒產區
2025/10/21
紐西蘭的「Tuna」秘密：毛利餐桌上，鰻魚面臨生存危機
2025/10/21
石花凍、石頭厝、瀕危植物海米 台灣極東走讀暨海岸守護行動
2025/10/17
生物多樣性
台北
台灣新聞
遊蕩犬
餵食
犬殺
作者
袁慧妍
喜歡上山下海。從山山水水裡看見別人，也看見自己。"
https://e-info.org.tw/taxonomy/term/5,3,中國侵擾、公海條約明年生效衝擊漁業與科研 2025國家海洋政策白皮書怎麼說？,https://e-info.org.tw/node/242216,2025-09-26 10:41,"台灣新聞
中國侵擾、公海條約明年生效衝擊漁業與科研 2025國家海洋政策白皮書怎麼說？
2025年09月26日
環境資訊中心記者 袁慧妍報導
分享到Facebook
分享到Line
分享到Twitter
環境資訊中心記者 袁慧妍報導
海洋委員會25日發布成立以來第二份《國家海洋政策白皮書》，揭「安全、永續、共榮」三大政策目標，白皮書以國安、國防、海洋權益議題打頭陣，指近年中國透過國內立法、軍事演習、海上執法等手段，威脅台灣周邊海域，並表示我國將建構海纜韌性政策，將國安思維納入海纜治理因應。
此外，旨在保護公海生物多樣性的聯合國公海條約協定（BBNJ），於9月19日達到60個國家審核通過，2026年1月17日將正式生效。海委會亦將關注是否衝擊未來公海捕魚權益及科研活動，甚至可能須進行跨界海洋環評。
海洋委員會發布該部會自2019年成立以來第二份《國家海洋政策白皮書》。攝影︰袁慧妍
來自中國的海上侵擾 政府將建構海纜韌性政策
《
2025年國家海洋政策白皮書
》以安全、永續、共榮為我國未來海洋政策目標，其中國防、國安、海洋權益相關部分，放在白皮書最前兩個篇章打頭陣。
傳統海上違法問題包括近年中國漁船及抽砂船屢次越界進入台灣限制或禁止水域，或於台灣灘（位在澎湖西南方及台灣海峽中線間，面積約8800平方公里）等專屬經濟海域非法捕撈、抽砂，或農漁畜產品走私及毒品輸入等。
新興國防挑戰則是中國運用科學調查船、民兵船進行侵擾，或以其他船舶侵擾時關閉船舶自動識別系統（Automatic Identification System，AIS）。中國海警及海監等執法船舶亦屢次進入金門、馬祖海域，宣稱進行「常態化執法巡查」。
此外，還有利用船錨、底拖漁網、抽砂船等手段造成國際與國內海纜故障，或比如2022年美國眾議院議長裴洛西（Nancy Pelosi）訪台後，中國發動環台實彈演習，範圍涵蓋海纜的行徑或登陸水域等。
而為進一步提升台灣海纜韌性，我國政府將參酌《聯合國海洋法公約》第113~115條授權沿海國管理海纜相關規範，建構海纜韌性政策，將國安思維納入海纜治理。
中國軍演範圍示意圖。圖片來源︰擷取自《2025國家海洋政策白皮書》
海委會評估，中國未來或會延續「聯合利劍」演習模式，在台灣周邊海域自行劃設「海上警戒區」，進行封鎖或控制，進一步擠壓我國戰略空間，封鎖我國海運。
為此，政府將籌建無人監控設備，運用智慧監控科技，強化海域岸際監控，籌建新一代巡防艦艇，並推動台灣籍船舶強制加裝自動識別系統，加強海域執法國際合作，落實公海護漁監督管理等。
偷渡、非法越界漁船統計。圖片來源︰擷取自《2025國家海洋政策白皮書》
BBNJ保護公海生物多樣性 台灣漁業及科研面臨挑戰
另一個值得關注的要點，則是《聯合國海洋法公約下國家管轄外區域海洋生物多樣性保育及永續利用協定》（簡稱BBNJ協定）於9月19日已達60個國家審核通過，並將在明（2026）年1月17日生效。
海委會指出，締約方未來若依該協定於公海劃設海洋保護區，台灣於公海捕魚範圍或受限縮，將衝擊台灣公海漁業權益；而台灣於公海進行海洋科學研究或其他活動時，其管轄或控制船舶亦可能面對前述保護區劃設的相關要求，甚至須面對周邊國家或BBNJ締約方要求進行跨界海洋環境影響評估。
台灣政府將與區域漁業管理組織（Regional Fisheries Management Organizations, RFMOs）合作，並適時宣示國家政策立場、研提相關作為，亦會適時尋機與相關國家合作進行跨界或公海的海洋環評。
海委會主委管碧玲回顧2020年第一份國家海洋政策白皮書，指出迄今政府投入了逾1000億元推動177項重點工作。攝影︰袁慧妍
海委會主委管碧玲︰願景與資源落差的挑戰
過度觀光問題亦備受關注。2023年台灣海洋遊憩產業產值達2445億元，約占整體海洋產業產值兩成。海委會點出多個問題，包括缺乏整體規劃及分區管理，造成特定區域「過度旅遊」，威脅島嶼或岸際整體海洋生態系統健康，生態監測與遊憩衝擊評估機制薄弱，遊客及業者環境素養不足，在地居民對永續海洋遊憩意識及支持度有待提振等。
海委會提出須整合觀光資源，發展涵蓋生態旅遊、歷史文化走讀及水上運動等多樣化特色海洋遊憩活動，並推動海灘認證制度，提升海洋遊憩環境品質及管理效能。此外，還須建立生態監察系統，落實承載量評估，避免過度開發及擁擠人潮，研議建立海洋遊憩活動對地方經濟、社會及文化整體評估及監測機制等。
海委會主委管碧玲在發布會上指出，台灣的海洋正面對願景與資源的落差，其中深海探測、海洋能源、智慧監控等，均需更多經費與人才投入。而在面對經濟發展與環保的角力，例如離岸風電與漁業、觀光與生態保護等，有著不同利益與產業之間的競合，更需要廣泛協調。中國在海上的灰色侵擾頻繁，未來威脅也會更具挑戰性。
她強調，海洋是台灣的命脈，台灣人依賴海洋，也須守護海洋。
副總統蕭美琴（左五）、海委會主委管碧玲（左六）、新任運動部部長李洋（左四），出席《2025國家海洋政策白皮書》發布會。圖片來源：海委會
延伸閱讀
聯合國海洋特使：「我們偏離目標太遠」——當其他國家卯起來劃設海洋保護區，台灣又該怎麼做？
「比預期的更好」 尼斯海洋大會成果：公海條約有望成真、多國擴大海洋保護區
從尼斯蔚藍海岸到基隆和平島 他們如何推動永續藍色旅遊？
鵬管處建議小琉球每日最多承載1.2萬人 海委會憂污水處理不及將衝擊珊瑚礁
相關文章
鍾蕙先、廖君珮／阿布達比世界保育大會 發展海洋OECM的啟示
2025/10/22
中山大研究揭颱風幫海洋深呼吸、風神過境菲律賓釀8死、美國蓋資料中心引發鄰避效應
2025/10/20
台日合作揭遠洋鮪魚供應鏈黑幕、洛杉磯斷崖野火嫌犯遭控惡意縱火、2024二氧化碳年增量創新高
2025/10/16
種珊瑚不該只是打卡活動！ 海洋專家警告錯誤復育變漂綠
2025/10/16
《公海條約》明年生效 你需要知道的事
2025/10/15
回顧40年漂泊 世界最大、最古老冰山A23a面臨最後大崩解
2025/10/08
海洋
台灣新聞
海洋政策
海纜
海洋委員會
公海
作者
袁慧妍
喜歡上山下海。從山山水水裡看見別人，也看見自己。"
https://e-info.org.tw/taxonomy/term/5,3,馬太鞍溪堰塞湖水量減 農業部評估開溪床便道上溯11公里挖壩,https://e-info.org.tw/node/242215,2025-09-26 10:34,"台灣新聞
馬太鞍溪堰塞湖水量減 農業部評估開溪床便道上溯11公里挖壩
2025年09月26日
環境資訊中心記者 李蘇竣報導
分享到Facebook
分享到Line
分享到Twitter
環境資訊中心記者 李蘇竣報導
花蓮馬太鞍溪堰塞湖溢堤，截至9月26日上午已有14人死亡。農業部航拍確認最新狀況，壩體溢流口下切15公尺，堰塞湖的剩餘蓄水量約1300萬噸。農業部表示尚在評估，是否在非汛期間，從下游溪床開設便道上溯11公里，透過機具清除壩體土石。學者則認為清除壩體最好的方式是自然溢流，讓水流帶走壩體土砂，人工開挖或是引流恐怕效果有限。
馬太鞍溪堰塞湖溢堤前，農業部監測團隊航拍畫面。圖片來源：馬太鞍溪堰塞湖監測紀實網站
監測設備也沖壞 農業部評估「中期方案」人工挖壩
受到颱風樺加沙豪雨影響，花蓮馬太鞍溪堰塞湖9月23日發生溢堤，滾滾洪水沖斷馬太鞍大橋，泥水淹進光復市區，截至26日上午，已造成14人死亡、100人受傷，仍有11人失聯，至今災區仍在救援復原中。
行政院院會25日報告最新狀況，農業部林業及自然保育署署長林華慶說明，25日上午出動航遙測分署航拍，確認壩體溢流口已下切15公尺，堰塞湖的剩餘蓄水量約1300萬噸。雖蓄水量體減少，周圍地質仍不穩定，目前維持紅色警戒，請民眾勿靠近河道。此外，等穩定之後會派人實地上去了解狀況，最優先的工作是重新安裝被沖壞的水位計等監測設備，才能測量水量、壩體穩定狀態，用於評估後續處置方式。
9月25日最新壩體航拍畫面。圖片來源：中央災害應變中心簡報
馬太鞍溪堰塞湖位處深山，沒有道路可以抵達，人員透過空勤直升機進入布設測量儀器。圖片來源：馬太鞍溪堰塞湖監測紀實網站
對於堰塞湖的處理方案，林華慶受訪指出，目前壩體土方已經減少了，之前專家會議評估過「也許可行」的中期方案，也就是順著溪床，從下游開一條便道上去，至距離壩體約11公里，用車輛運具將壩體土石運下來，但必須掌握非汛期期間才能施作。林華慶強調，目前還沒確定處置方案，後續還要多方進行技術評估。
行政院院長卓榮泰指示，請農業部在安全前提下，儘速復原壩頂的水位偵測器，完成實地勘查工作。也請農業部儘速評估未來中長程計畫，排出堰塞湖剩餘水量，減少水壓對壩體的影響。
救災人員在泥水中協助受困民眾。圖片來源：中央災害應變中心提供
學者：清除壩體 自然溢流是最佳解
陽明交通大學土木工程系副教授單信瑜受訪表示，堰塞湖的後續處置目標是將壩體清除。雖然目前壩體已被下切、蓄水量減少，但如果再發生地震天災，缺口可能又被土石封起，蓄水量繼續累積。只要有壩體，就會產生堰塞湖。不論量體大小都是隱患。
單信瑜分析，眼下清除壩體最好的方式是自然溢流，讓水流帶走壩體土砂。因此也要期待老天爺保佑，再來幾場「剛剛好、不大不小的降雨」，讓充足的水流可以自然把壩體沖刷下來，又不會導致下游災害。
單信瑜表示，人工開便道上去也是一個方法，但只能在非汛期完成，且光是便道本身，要讓機具、大型車輛通行就是一項大工程，還有後續的開挖或引流工程，有多少效果是未知數。他坦言，如果沒有自然溢流，靠人力處理又有限，這就是無奈的地方。
23日馬太鞍溪堰塞湖溢流，大量泥水沖刷而下。圖片來源：中央災害應變中心簡報
藍委質疑為何不爆破解決？ 農業部：恐致更大規模崩塌
立法委員傅崐萁因為災情槓上中央，質疑政府早有發現堰塞湖，應在事前爆破處理，比照南投堰塞湖處理方式，「爆破就解決了」。
農業部長陳駿季25日在院會後記者會上，還原與專家會議討論結果。專家對於移除壩體提出三大選項，包含爆破、虹吸、壩頂降挖。其中「爆破絕對不可能」，因為壩體為土石崩塌地，爆破會導致周邊更大規模崩塌，考量壩體結構不穩定、土石鬆軟，人車沒有道路通行，評估不可能立即處理壩體。因而決定採取有效監測，發現危險時及早讓中下游預防性撤離，已是最有效的防災方式。
林華慶補充，爆破不是「讓一切變無形」這麼簡單，爆破必須很精準，要判斷壩體結構組成，如果貿然爆破，淹水面積可能比現在更大。
至於其他的方式如虹吸，則評估抵抗水壓需要直徑1公尺以上的鋼管，也沒辦法運上去。堰塞湖地質不穩定，每天都還在崩塌，為了保障施工人員安全，不可能有效施工。
卓榮泰說，此次災害讓國人再次體會國土韌性與防災體系都必須更強化，對未來馬太鞍溪及其他河流的堰塞湖類似情況，做好檢討及處置，將是未來重點工作。
農業部長陳駿季。圖片來源：行政院提供
延伸閱讀
花蓮馬太鞍溪堰塞湖溢堤 洪水沖斷大橋、71人受困
新竹泰崗溪也有一處堰塞湖 林保署監測：穩定溢流 對聚落無影響
全民防災進化中 廢報紙摺紙碗、垃圾袋變雨衣
相關文章
澎湖150隻黑面琵鷺過境創新高、冰島首度發現蚊子、英國科學家培育出抗豬瘟品種豬隻
2025/10/23
能源業務首度脫離產業 韓國新「氣候能源環境部」如何走出四難困局？
2025/10/22
恆春半島又現狂犬病鼬獾、研究指美肉類消費碳排直逼化石燃料、賽普勒斯野貓氾濫成災
2025/10/22
強風揚塵雲嘉南空品一度「紫爆」、新北動保處成功孵化黑眉錦蛇、全球暖化讓北海道成為葡萄酒產區
2025/10/21
川普祭關稅、簽證威脅 全球海運碳費延後一年再議
2025/10/20
中山大研究揭颱風幫海洋深呼吸、風神過境菲律賓釀8死、美國蓋資料中心引發鄰避效應
2025/10/20
氣候變遷
花蓮
台灣新聞
深度低碳新聞
馬太鞍堰塞湖
作者
李蘇竣
生在台灣，活在台灣，我們都是山與海的子民。"
https://e-info.org.tw/taxonomy/term/5,3,從無尾港到湧泉水廊道：台北水文記憶的重建,https://e-info.org.tw/node/242217,2025-09-26 09:30,"台灣新聞
從無尾港到湧泉水廊道：台北水文記憶的重建
2025年09月26日
環境資訊中心特約記者 李旨耘報導
分享到Facebook
分享到Line
分享到Twitter
環境資訊中心特約記者 李旨耘報導
面對都市化與氣候變遷的雙重挑戰，如何找回城市與水的關係，成為台北市發展的重要課題。其中更包含了台北水資源的歷史變遷、水文化融入都市更新，與環境治理的行動構想等多重面向。
大員水文化復興協會今年舉辦「台北水。說什麼——台北水文與城市文化研討會」，邀集學者、公務機關與民間代表，從地理歷史、政策規劃到城市設計，討論水文系統與市民生活的連結。
從單一治理走向多元理解  水文研究的新課題
「研究水，不能只針對單一特性來看」有多年基礎科學研究經驗的台大地理系教授黃誌川強調。他以人體血管比喻城市中的水路，一旦阻塞就會產生嚴重問題，凸顯恢復城市水脈的重要。
黃誌川認為，過去為防洪而建的堤防，雖有效管理水患，卻也切斷了人與水的連結，阻礙了生態活動。反映出過往水利工程因為常著眼於單一功能目標，需要重新思考與調整。他也表示，台灣的地質條件特殊，應思考如何「因地制宜」，許多過去的水利設施其實仍有再利用的潛力。
台大地理系教授黃誌川打頭陣，講述台北地理與水的關聯和新發現。圖片來源：擷取自梁老師的城市水學臉書專頁。
水的回歸  也是歷史與文化的回歸
天母地區豐富的湧泉資源，透過歷史脈絡能一探台北人與水的連結。台北市大員水文化復興協會常務理事盧錦淑指出，過去天母地區的人利用湧泉作為灌溉和飲用水源。像是清朝時期興建的「番仔井」等水圳用於農田灌溉。到了日治時期，政府則是利用湧泉的落差，興建三角埔發電所，進行水力發電。
盧錦淑以日本的「忍野八海（富士山湧泉群）」以及捷克的「卡羅瓦利鎮（Karlovy Vary）」為例，指出我們也許可以有「城北湧泉水廊道」的想像，連結草山水道、璜溪、天母溫泉、番井沸泉、石閣泉。呼籲未來政府可以考慮連結天母的湧泉點、歷史水利設施、甚至溫泉產業，打造一條獨特的水文化路線。
盧錦淑提供「城北湧泉水廊道」的構想。攝影：李旨耘
台北市大員水文化復興協會講師林耿同則以「穿城河水，無尾之港」為主題，娓娓道來所謂的無尾港，指的是「河道中斷點，或河流基層末端因人為改變而無法續流之處」。他舉基隆河支流五分港溪（舊雙溪）為例，該溪流過去自然匯入基隆河，但因「截彎取直」工程，使其原有出海口被截斷，成為「無尾」河道。
無尾河道之所以重要，是因為早年漢人來台開發台北盆地時，選擇定居的首選就是這類「無尾港」地區。這些地方的水源，因鄰近生活圈，易於取用，可直接用於生活及產業（如漁業），而無需複雜的灌溉工程。
而在日治時期西南區的大加蚋地區，土壤多為砂質，不利於水稻栽種，因而主要作物為甘蔗與柑橘等作物。畫家石川欽一郎的作品中，也曾描繪過此區溪流水道的自然風貌，呈現出當年景觀的秀麗與水文化的深厚底蘊。
林耿同也表示，如果我們可以恢復這些舊河道，不僅能能重現城市過去的樣貌，更可以改善都市的熱島效應，也能將其改造為具有觀光價值的開放水路。
林耿同講述台北過去的穿城之水，以及逐漸被遺忘的無尾之港故事。攝影：李旨耘
打造親水城市  台北的行動與轉變
大員水文化復興協會理事長梁蔭民指出，為了找回生活中的水文化，有12項具體作為可供民眾作為行動參考，包括降低淹水風險、減緩熱島效應、提升城市生物多樣性、促進休閒觀光、提高房地產價值、保存水文化資產、推動水文化發展、強化環境教育、鼓勵公民參與，以及影響未來的城市規劃。他強調，只要能讓水回到城市生活中，這些效益往往能逐漸實現。
梁蔭民長期致力於水文化的大眾推廣。圖片來源：擷取自梁老師的城市水學臉書專頁
台北市政府工務局水利工程處主任秘書林洙宏也在會議中分享，目前水利處的核心業務仍以防洪排水為主，然而，當代的水利工程不再只是傳統的「三面光」水泥設計，而是朝向結合美學、文化與生態的多元目標邁進。
林洙宏指出，台北市政府正積極推動「把水找回來」的行動。例如，在台大新生南路段與民生國中周邊，以水景取代圍牆，創造開放而親水的公共空間；在文山區與內湖區則進行溪溝生態改造，提供動植物棲息與活動的緩衝帶；此外，市府也持續提升污水接管率，目前已達80%以上，從源頭改善河川水質；在美學層面，更在全市12個行政區設置藝術孔蓋，藉此呈現各地水文故事，讓市民在日常中重新認識水的存在與意義。
台北市水利工程處主任秘書林洙宏分享台北市政府的城市水文化作為。攝影：李旨耘
台北市的水孔蓋上有在地故事的縮影。圖片為東門附近的水孔蓋。攝影：李旨耘
※ 本文由行政院農業部林業及自然保育署
補助廣告經費
延伸閱讀
民間首發河川溪流復育設計指引 廖桂賢︰台灣生態詞彙常被濫用、扭曲
打掉混凝土堰體、鋪上天然石塊  重建遠望坑溪洄游魚兒回家之路
相關文章
《山與林的深處》：台裔環境歷史學家的尋鄉之旅
2025/10/24
澎湖150隻黑面琵鷺過境創新高、冰島首度發現蚊子、英國科學家培育出抗豬瘟品種豬隻
2025/10/23
恆春半島又現狂犬病鼬獾、研究指美肉類消費碳排直逼化石燃料、賽普勒斯野貓氾濫成災
2025/10/22
強風揚塵雲嘉南空品一度「紫爆」、新北動保處成功孵化黑眉錦蛇、全球暖化讓北海道成為葡萄酒產區
2025/10/21
紐西蘭的「Tuna」秘密：毛利餐桌上，鰻魚面臨生存危機
2025/10/21
石花凍、石頭厝、瀕危植物海米 台灣極東走讀暨海岸守護行動
2025/10/17
生物多樣性
台灣新聞
河川
水域
湧泉
水文"
https://e-info.org.tw/taxonomy/term/5,4,新竹泰崗溪也有一處堰塞湖 林保署監測：穩定溢流 對聚落無影響,https://e-info.org.tw/node/242213,2025-09-25 18:08,"台灣新聞
新竹泰崗溪也有一處堰塞湖 林保署監測：穩定溢流 對聚落無影響
2025年09月25日
環境資訊中心記者 李蘇竣報導
分享到Facebook
分享到Line
分享到Twitter
環境資訊中心記者 李蘇竣報導
花蓮馬太鞍溪堰塞湖溢堤釀成多人死傷，全台共有兩處監測中的堰塞湖，除了花蓮馬太鞍，另一處在新竹泰崗溪上游。農業部林業及自然保育署指出，泰崗溪的堰塞湖水量不大，目前穩定溢流，若發生豪雨事件造成潰決，也不會對下游聚落造成安全影響。
新竹泰崗溪堰塞湖。圖片來源：林保署新竹分署提供
泰崗溪堰塞湖蓄水量約20個游泳池
根據農業部堰塞湖監測資訊，目前國內除了馬太鞍溪，2024年10月受康芮颱風影響，新竹尖石鄉泰崗溪上游也產生了一個堰塞湖，林保署新竹分署持續監測中，目前沒有潰壩危險。
林保署說明，根據新竹分署監測結果，泰崗溪堰塞湖現況面積約1.3公頃，蓄水體積約4.8萬立方公尺，約20個標準游泳池水量。壩體高約10公尺，仍屬於不穩定狀態，可能受到降雨事件等沖潰壩體。但林保署計算潰壩洪峰流量可能造成下游水位抬升約0.2～0.4公尺，盤點上游迴水範圍無聚落民眾，下游司馬庫斯大橋距河道高度仍有20公尺，估算若堰塞湖潰壩，對下游聚落安全不致造成影響。
新竹泰崗溪堰塞湖已呈現穩定溢流狀態；上游又有砂石匯入，可能使湖體逐漸縮小（藍色箭頭為水流方向）。圖片來源：林保署新竹分署通報單
林保署新竹分署指出，需要特別擔心的是，堰塞湖下游14公里處就是知名景點「泰崗野溪溫泉」，遊客在河道上可能直接受到水位流速影響，已請新竹縣政府將堰塞湖下游河道區域列為禁止進入危險區域，並豎立告示牌。
新竹泰崗溪堰塞湖與下游設施相對位置。圖片來源：林保署新竹分署通報單
呈「穩定溢流」狀態 堰塞湖可能逐漸縮小
林保署新竹分署表示，今年的幾次颱風、豪雨事件，包含樺加沙颱風在內，都沒有對新竹山區帶來太多降雨，對泰崗溪堰塞湖沒有影響，目前泰崗溪堰塞湖維持「穩定溢流」狀態。可以想像成壩體有個小缺口，平常水流就穩定的溢流出去。如果發生颱風、豪雨，可能讓壩體部分被沖潰、缺口加大。不過整體堰塞湖水量不多，潰決的影響有限。
林保署新竹分署解釋，通常堰塞湖消失有兩種情況，第一種是水流溢堤把壩體沖刷掉，第二種是上游有砂石匯入填滿。泰崗溪堰塞湖正是因為支流不斷匯入砂石，堰塞湖範圍正以非常緩慢的速度縮小當中。
林保署新竹分署強調
，
會定期透過衛星遙測影像等方式，監視崩塌坡面及堰塞湖體變化，遭遇颱風豪雨事件也會隨時與鄉公所、水利署即時互通資訊戒備。
新竹泰崗溪堰塞湖已呈現穩定溢流狀態（藍色箭頭為水流方向）。圖片來源：林保署新竹分署通報單
延伸閱讀
花蓮馬太鞍溪堰塞湖溢堤 洪水沖斷大橋、71人受困
相關文章
澎湖150隻黑面琵鷺過境創新高、冰島首度發現蚊子、英國科學家培育出抗豬瘟品種豬隻
2025/10/23
能源業務首度脫離產業 韓國新「氣候能源環境部」如何走出四難困局？
2025/10/22
恆春半島又現狂犬病鼬獾、研究指美肉類消費碳排直逼化石燃料、賽普勒斯野貓氾濫成災
2025/10/22
強風揚塵雲嘉南空品一度「紫爆」、新北動保處成功孵化黑眉錦蛇、全球暖化讓北海道成為葡萄酒產區
2025/10/21
川普祭關稅、簽證威脅 全球海運碳費延後一年再議
2025/10/20
中山大研究揭颱風幫海洋深呼吸、風神過境菲律賓釀8死、美國蓋資料中心引發鄰避效應
2025/10/20
氣候變遷
台灣新聞
堰塞湖
颱風
豪雨
水災
作者
李蘇竣
生在台灣，活在台灣，我們都是山與海的子民。"
https://e-info.org.tw/taxonomy/term/5,4,全民防災進化中 廢報紙摺紙碗、垃圾袋變雨衣,https://e-info.org.tw/node/242188,2025-09-25 17:51,"台灣新聞
全民防災進化中 廢報紙摺紙碗、垃圾袋變雨衣
2025年09月25日
環境資訊中心記者 李蘇竣報導
分享到Facebook
分享到Line
分享到Twitter
環境資訊中心記者 李蘇竣報導
災害發生時，在無法取得物資的情況下，如何用廢報紙摺出拖鞋、紙碗紙杯？剪下垃圾袋還可以當作應急雨衣！台北市政府20日舉辦防災宣導活動，邀請國內外防災專家、團體，分享防災知識。除了日常準備好防災包，面對不同情境的災害，也要有不同的應對方式。
消防員示範，在賣場中遭遇地震，可用堅固的購物籃或背包掩護頭部。攝影：李蘇竣
不同場景體驗逃生 塑膠袋、報紙自製防災小物
台北市政府消防局20日在國父紀念館舉辦「立刻行動 防災就是現在！」國家防災日教育宣導活動，邀請國內外防災領域的專家、團體，設置近50個攤位傳遞防災資訊，親子遊客在各式闖關遊戲中學習防災新知。
消防局今年設計了「地震求生72小時」模擬體驗，布置出商場、捷運與與電梯等日常場景，讓民眾體驗不同場景遭遇地震後，該如何逃生。負責設計活動的台北市消防局防災科學教育館館長黃健華分享，民眾對於地震當下「趴下、掩護、穩住」等觀念大多已熟知，但其實地震之後還有很多情境需要應變，這些狀況很難只靠想像，必須親身體驗。
體驗的民眾帶著輔具、眼罩，體驗在行動不便甚至摸黑的情況下，跨過斷垣殘壁等障礙物，逃到安全區域。
台北市消防局布置出災後的混亂場景供民眾體驗。攝影：李蘇竣
消防局義消也在現場提供「自製防災用品」教學，例如用寶特瓶裝水，就能把手電筒的單向光源變成散射的溫馨營燈，或是剪下垃圾袋當作應急雨衣，用廢報紙摺出拖鞋、紙碗紙杯等，還可以使用飲料紙盒剪出湯匙，當作應急餐具，就連塑膠袋都可以變成簡易的三角巾固定傷患。
黃健華強調，民眾往往認為「災害不會馬上到」，但其實災害可能隨時發生在每一個人身上，必須對此戒慎恐懼。透過親身體驗，才能讓民眾了解災害與日常生活的差異，提早做好防災準備。
如果避難時沒穿鞋子，可用報紙做一雙拖鞋應急。攝影：李蘇竣
報紙摺成紙碗，與飲料紙盒剪出的湯匙。攝影：李蘇竣
從防災包到日常物資儲備 台灣民眾的防災意識上升中
台北市副市長張溫德出席活動受訪表示，防災不是口號，必須扎實落實在每人生活中，台灣已進入到「全民防災」的社會，做好準備就能減少傷害。
台灣防災產業協會秘書長黃少薇分享，近兩年台灣民眾對於防災的需求快速攀升，先是去年0403地震及後續餘震讓民眾十分有感，再加上美國在台協會（AIT）透過社群發文提醒準備避難包，更加深民眾對天然災害、或是戰時應對的準備心態，而接到大量民眾對防災產品的詢問。
剪開垃圾袋，就可以成為簡易雨衣。攝影：李蘇竣
協會調查發現，國外很多熱銷的防災產品，都來自台灣製造或是台灣供應鏈，例如太陽能板、行動電源，或是水壺濾水器等，證明台灣自己就具備強大的防災能力，配合民眾的意識提升，可以讓社會更有韌性。
被日本政府列為「防災先進縣」的高知縣也派代表交流。高知縣台灣聯絡辦事處聯絡人歐元韻分享，日本政府推估南海海槽未來30年內有八成機率發生規模8以上地震，高知縣首當其衝。近年高知縣的防災措施在不斷演進，除了加強硬體設備、基礎設施，民眾的居家防災觀念也從「準備效期5年、10年的防災食品」漸漸轉為「儲備日常食品」，在日常中會自然去使用整理，而不是全部堆起來不管，這樣的居家防災概念，也很適合台灣民眾嘗試。
日本民眾轉為採購日常食品做為防災食品，手上的餅乾是日本國民零食，地位如同台灣的「乖乖」，廠商也因而推出堅固的罐裝版本供民眾選購。攝影：李蘇竣
延伸閱讀
從台北到東京，我推的防災生活
什麼都想裝，帶了卻不能用？ 防災包不囧密技
專訪內政部次長馬士元：「強韌台灣」如何織出一張救災大網
相關文章
澎湖150隻黑面琵鷺過境創新高、冰島首度發現蚊子、英國科學家培育出抗豬瘟品種豬隻
2025/10/23
能源業務首度脫離產業 韓國新「氣候能源環境部」如何走出四難困局？
2025/10/22
恆春半島又現狂犬病鼬獾、研究指美肉類消費碳排直逼化石燃料、賽普勒斯野貓氾濫成災
2025/10/22
強風揚塵雲嘉南空品一度「紫爆」、新北動保處成功孵化黑眉錦蛇、全球暖化讓北海道成為葡萄酒產區
2025/10/21
川普祭關稅、簽證威脅 全球海運碳費延後一年再議
2025/10/20
中山大研究揭颱風幫海洋深呼吸、風神過境菲律賓釀8死、美國蓋資料中心引發鄰避效應
2025/10/20
氣候變遷
台灣新聞
防災
地震
天災
颱風
作者
李蘇竣
生在台灣，活在台灣，我們都是山與海的子民。"
https://e-info.org.tw/taxonomy/term/5,4,在地鳥友看南科沙崙園區草鴞爭議 國科會主委諾科學園區生態先行,https://e-info.org.tw/node/242209,2025-09-25 10:50,"台灣新聞
在地鳥友看南科沙崙園區草鴞爭議 國科會主委諾科學園區生態先行
2025年09月25日
環境資訊中心記者 陳昭宏報導
分享到Facebook
分享到Line
分享到Twitter
環境資訊中心記者 陳昭宏報導
國家科學及技術委員會規劃在台南設立531公頃「沙崙生態科學園區」，以補齊大南方新矽谷的關鍵拼圖，然而開發範圍涉及草鴞棲地，國科會24日召開記者會，首次公布綠地規劃。民間保育團體也發聲明回應。
國科會表示，沙崙生態科學園區將保留175公頃「草、綠、水」空間，占園區面積1/3以上，並作異地補償，認養二仁溪高灘地18公頃棲地，國科會主委吳誠文承諾「絕對是生態先行」。不過，在地資深鳥友認為，依照過往開發經驗，「草、綠、水」空間多半是公園、綠地和滯洪池，並非草鴞所適應的環境，還有棲地破碎的風險。
草鴞在台灣數量預估僅約500隻左右，是台灣貓頭鷹中，唯一在草生地棲息繁殖的留鳥。圖片來源：林保署提供
國科會主委吳誠文：發展科學園區絕對是生態先行
沙崙生態科學園區（南科沙崙園區）往北銜接嘉義、台南園區，往南連接高雄、橋頭、楠梓、屏東等園區，是政府發展高科技產業「大南方新矽谷」的關鍵拼圖。
國科會昨（24）日舉辦科學園區2025年上半年營運記者會，國科會說明，科學園區審議會今年7月通過審查沙崙生態科學園區，目前報請行政院審議中。園區未來將以半導體、AI、資安科技及前瞻能源等為核心產業，預計創造2.24兆元年產值、提供3.5萬個就業機會。
南科沙崙園區現為台糖沙崙農場，有鳳梨、西瓜、牧草等作物。沙崙農場也是台灣保育類草鴞的棲地之一。國科會主委吳誠文強調，科學園區發展「絕對是生態先行」，開發科學園區「可以把生態環境也照顧好」，且園區創造台灣經濟成長，才有資源投入環境及生態保護。
國科會主委吳誠文稱，科學園區發展「絕對是生態先行」，可以把生態環境照顧好。攝影：陳昭宏
台糖沙崙農場總面積逾950公頃，南科沙崙園區開發面積約531公頃，超過一半。國科會表示，531公頃將全案進環評，不會切割送案。後續將依行政院正式核定範圍，辦理環評前公開說明會、並送交環境部環評審查。由於開發面積逾百公頃，依法須進入二階環評，審查期相對較長，預計要花18～23個月。
保留175公頃「草綠水空間」 企業認養棲地營造
國科會南科管理局局長鄭秀絨表示，今年2月份開始，南科管理局與民團、專家、農業部林業及自然保育署、地方居民進行過13次交流，蒐集意見並擬定保育策略。南科沙崙園區未來將盡量保留原生牧草區，「草綠水」空間合計約175公頃，占園區面積1/3以上，加上廠房建蔽率僅六成、四周須退縮設置綠帶，實際綠地更多。
沙崙園區南側的二仁溪高灘地，目前有紀錄到草鴞活動，南科管理局將認養當中18公頃作為異地補償。現已取得土地使用許可，今年第四季將有廠商先認養2公頃棲地營造，也鼓勵園區內企業共同參與復育。
在地資深鳥友表示，草鴞依賴自然草生地（如白茅草）來繁殖、日間棲息，覓食則會利用西瓜田、牧草等較自然、或農耕的環境。圖片來源：林保署提供
鄭秀絨表示，過去因應南科橋頭園區開發，南科成立的「草鴞保育小組」發現，草鴞正面臨遊蕩犬與農耕地毒鼠藥的威脅，強調園區透過完善棲地規劃，反而有利草鴞保育，「這些草鴞吃到毒死的老鼠，牠死得更快，你不做圍籬的話，野狗進去，幼草鴞也是死得更快。」
鄭秀絨表示，未來會協調鄰近的虎山農場採有機方式耕作，並與林保署、台南市政府合作，鼓勵農民參與生態給付。
近期
民間質疑
，橋頭園區施工後「草都種不起來」，恐難達環評承諾。鄭秀絨回應，園區仍在施工，等工程收尾才會進行棲地營造，目前已在橋頭園區滾水坪公園種下白茅草，白茅草容易生長，並非外界所稱「種不起來」。此外，在南科高雄園區的24.4公頃異地補償區塊也陸續設置圍籬，去除銀合歡、含羞草等外來種，種植白茅草，預計明年4月完成棲地復育。
鄭秀絨補充，2022年至2025年間，「（高雄及橋頭園區）每年都有草鴞來」。
不過也有媒體報導，橋頭園區的異地補償成效不彰，根據
公視《我們的島》
，長期認養南科高雄園區其中一塊綠地的高雄市野鳥學會提到，雖然該地白茅草高過1公尺，但遭到外來種植物入侵，草鴞不容易來利用。「生物不見得會喜歡或來到你幫牠營造好的環境。」
資深鳥友：綠地、滯洪池、切割棲地真的對草鴞有幫助嗎？
針對南科管理局提出保留175公頃「草綠水」空間，在地資深鳥友質疑，國科會聲稱保留棲地，只是「取巧的說法」。依過往園區開發經驗，此類空間多半是公園、綠地和滯洪池，多種植觀賞性的低矮草皮，常清除老鼠、昆蟲兼顧景觀，恐使草鴞缺乏食物來源。
該名鳥友表示，草鴞依賴自然草生地（如白茅草）來繁殖、日間棲息；覓食則會利用西瓜田、牧草等較自然、或農耕的環境。公園綠地較容易吸引適應都市環境的鳥類，而非怕人的草鴞。
國科會預計在沙崙生態科學園區規劃175公頃的「草綠水空間」，並將認養二仁溪高灘地18公頃，進行草鴞生態異地補償工作。圖片來源：國科會提供
南科管理局預計認養二仁溪旁18公頃高灘地作為草鴞異地補償位置。圖片來源：國科會提供
依國科會目前的綠地規劃，草鴞還可能面臨路殺風險。鳥友表示，園區中西部是較大面積的綠化空間，預計鑲嵌草生地，但草鴞棲地被馬路和廠區切割，必須穿過車陣、建物才能來到草生地。此外，國科會認為滯洪池可營造草鴞友善環境，但鳥友質疑，「如果滯洪池會出現草鴞，那現在各大滯洪池應該都會有草鴞出沒。」他指出，草鴞確實可能在水域邊緣出現，但前提是旁邊必須有夠大且連續的草生地，才能支撐族群覓食和繁衍。
他建議，廠區應集中在園區北側，讓南邊靠近二仁溪的地帶形成完整區塊，才能使草鴞安全移動、棲息、覓食。
至於18公頃異地補償，鳥友指出，二仁溪高灘地原本就是草鴞會利用的棲地，「在一個既有棲地上說要『補償』，效果會多好？」他強調，棲地當然可以藉由種植白茅草、驅趕遊蕩犬等方式改善，但對草鴞族群的增加恐怕十分有限。
保育團體：園區以「生態」為名，是包裝開發的糖衣？
中華民國野鳥學會、台南市野鳥學會、高雄市野鳥學會等保育團體昨日發出聲明表示，橋頭園區過去所做的草鴞保育環評承諾，無論是劃設泥火山保留區、或推動區外保育措施，四年過去皆無穩定成效，顯示針對草鴞這類珍稀物種的補償承諾，充滿高度不確定性。
保育團體表示，在沙崙生態科學園區、沙崙健康園區的規劃中，總面積950公頃的沙崙農場，超過600公頃都被開發。圖片來源：中華民國野鳥學會提供
保育團體強調，並非反對園區，但堅決否定「邏輯與事實基礎上充滿矛盾的開發案」。選址邏輯應是迴避優先，而非直接踏入生態敏感區、摧毀棲地。目前規劃方式無法承擔保育責任，「園區名稱中的『生態』二字，究竟是核心價值，還是僅為包裝開發的糖衣？」呼籲政府應暫停目前程序，展開以科學證據為基礎、資訊公開透明、並廣納公民監督的嚴謹評估，在可行保育對策及社會共識完成前，不應開發。
延伸閱讀
科學園區夾攻沙崙農場 13個環團發聲明守護草鴞棲地
白埔產業園區環評過關 森林協會質疑：剷除環頸雉棲地另闢給草鴞
遊蕩犬侵擾事件頻傳 南部鄉間野鳥天堂處處危機
相關文章
《山與林的深處》：台裔環境歷史學家的尋鄉之旅
2025/10/24
澎湖150隻黑面琵鷺過境創新高、冰島首度發現蚊子、英國科學家培育出抗豬瘟品種豬隻
2025/10/23
恆春半島又現狂犬病鼬獾、研究指美肉類消費碳排直逼化石燃料、賽普勒斯野貓氾濫成災
2025/10/22
強風揚塵雲嘉南空品一度「紫爆」、新北動保處成功孵化黑眉錦蛇、全球暖化讓北海道成為葡萄酒產區
2025/10/21
紐西蘭的「Tuna」秘密：毛利餐桌上，鰻魚面臨生存危機
2025/10/21
石花凍、石頭厝、瀕危植物海米 台灣極東走讀暨海岸守護行動
2025/10/17
生物多樣性
台灣新聞
草鴞
南科
沙崙農場
科學園區
深度低碳新聞
作者
陳昭宏
探索矇矓中開展的世界、滲透身體的網，與身體和環境結盟，共同行動。"
https://e-info.org.tw/taxonomy/term/5,4,彰化大城三座風機遭環評否決 民團籲全面檢討免環評陸域風場,https://e-info.org.tw/node/242210,2025-09-24 18:32,"台灣新聞
彰化大城三座風機遭環評否決 民團籲全面檢討免環評陸域風場
2025年09月24日
環境資訊中心記者 李蘇竣報導
分享到Facebook
分享到Line
分享到Twitter
環境資訊中心記者 李蘇竣報導
環境部環評大會今（24）日審查「彰化大城風場陸域風力發電開發計畫」，認定風機的噪音眩影可能影響周邊居民，決議不應開發。成為第二例環評否決的陸域風場，彰化環保聯盟對此表示肯定，仍呼籲主管機關盡速提出風機安全距離，也要關注依法免環評的風場開發。
境部環評大會今日審查「彰化大城風場陸域風力發電開發計畫」。攝影：李蘇竣
第二起陸域風場遭環評否決 環境敏感、影響民宅是關鍵
環境部今日召開環評大會，審查彰化大城陸域風電開發計畫，由於前一回專案小組會議建議「不應開發」，大勢已定，今日審查會上開發單位甚至沒有出席報告。經過大會討論，同樣決議不應開發，成為繼彰化鋐威風場後第二例遭否決的陸域風場。
環評委員認為，大城風場位在嚴重地層下陷區，風機產生的振動、噪音及眩影，對周邊民宅與水產禽畜養殖業，可能有重大不利影響。加上開發場址鄰近水鳥熱點、重要野鳥棲地（IBA）濁水溪口濕地，可能影響黑面琵鷺、黑翅鳶、鳳頭燕鷗等等保育類鳥類。環評大會審查後認定，開發單位提出的環境保護對策不足以預防或減輕這些影響，決議本案不應開發。
值得一提的是，日前罕見表態「不鼓勵陸域風機的開發」的環境部長彭啟明，迴避出席今日環評大會。
大城風場風機與民宅位置。圖片來源：環評書件
樂見環評否決 彰化居民憂更多免環評案件蠢蠢欲動
此次環評大會，
彰化縣環境保護聯盟也北上來到現場。彰化環盟總幹事施月英直言，對這樣的結論「很高興」，另一方面也擔憂彰化還有好幾處風場開發案依法免環評，其所在地可能更敏感，有些還位在濁水溪河道上，從最近馬太鞍溪災害案例可見河道不應設置風機。
施月英呼籲，主管機關應全面檢討免環評的案子，也希望環境部落實對陸域風機不支持不鼓
勵
的立場，否決這類開發案。
彰化環盟理事長洪新有也表示，風電對當地民眾的生活與產業影響很大，希望訂定陸域風機安全距離，可以更快的排除不適合的案子。避免每一個開發案居民都要北上抗議，也陷入人民、政府、業三輸的窘境。
另有多位彰化大城鄉
居民透過電話發言，在地民眾陳先
生指出，日後還是會有其他業者想方設法進來開發，希望環評委員多聽在地人的聲音，不要再讓風機來搞亂日常生活。
針對免環評的風場案件可能涉及環境敏感爭議，能源署僅簡短回應後續會再跟環境部討論，原則上是必須取得地方支持、不影響環境，才會核發許可。
彰化環盟總幹事施月英。攝影：李蘇竣
風機減一座、自動停轉仍無法消弭疑慮
大城風電計畫由日威綠能公司開發，根據開發單位規劃，風場設置於彰化縣大城鄉南段海堤，起初規劃四座風力發電機，經過環評第2次初審調整為三座風機、總置容量約12.78MW，預計施工期約一年。
對於噪音、眩影擾民爭議，開發單位在第3次初審會議上，提出將三部風機採用鋸齒扇葉，降低產生噪音，評估低頻噪音與振動都符合管制標準，也承諾補貼鄰近住宅安裝氣密窗及電費
；
眩影部分，開發單位盤點受影響六處住宅建物的日照眩影影響時間，擬定風機在特定時段自動停止運轉，避免眩影影響。
但地方居民仍抗議風機距離聚落太近，離民宅最近只有65公尺，擔憂風機噪音、眩影影響居民生活健康，也擔心風機影響畜牧養殖業產量，始終未支持
開發
。
延伸閱讀
彰化首宗遭環評否決陸域風場開發 減風機數仍影響居民與農牧業
距住宅最近僅20公尺  彰化福漢風場環評建議經濟部訂定風機安全距離
台東海岸58座風機開發案輿論發酵 彭啟明：不支持陸域風電
相關文章
花蓮太魯閣燕子口堰塞湖形成滿一週 將降挖解危機
2025/10/23
「沒有光害的星空」當觀光賣點更爭取國際認證 拉拉山週末辦暗空慶典
2025/10/22
柏林百年啤酒廠變身共享空間 位在古蹟上的合作社
2025/10/17
馬太鞍溪堰塞湖潰壩後：生存、生計、生活
2025/10/17
用泛舟阻止伐木 斐濟生態旅遊公司屹立20年，如何賺到錢又贏得社區信賴？
2025/10/14
馬太鞍溪堰塞湖潰壩之後 紅色警戒持續中
2025/10/13
土地利用
能源轉型
彰化
台灣新聞
風電
陸域風力發電
環評
深度低碳新聞
作者
李蘇竣
生在台灣，活在台灣，我們都是山與海的子民。"
https://e-info.org.tw/taxonomy/term/5,4,花蓮馬太鞍溪堰塞湖溢堤 洪水沖斷大橋、71人受困,https://e-info.org.tw/node/242199,2025-09-23 19:55,"土地利用
花蓮縣
台灣新聞
颱風
深度低碳新聞
馬太鞍堰塞湖
作者
李蘇竣
生在台灣，活在台灣，我們都是山與海的子民。
陳昭宏
探索矇矓中開展的世界、滲透身體的網，與身體和環境結盟，共同行動。
袁慧妍
喜歡上山下海。從山山水水裡看見別人，也看見自己。"
https://e-info.org.tw/taxonomy/term/5,4,能源轉型如何「最小衝突、最大共識」？ 成大團隊推全資源IRP電力規劃,https://e-info.org.tw/node/242183,2025-09-23 16:57,"台灣新聞
能源轉型如何「最小衝突、最大共識」？ 成大團隊推全資源IRP電力規劃
2025年09月23日
環境資訊中心記者 陳昭宏報導
分享到Facebook
分享到Line
分享到Twitter
環境資訊中心記者 陳昭宏報導
台灣的電業規劃能否走向能源規劃，納入土地空間、社會衝擊、自然資源、氣候風險等因素，主動回應電源開發對環境與社會的衝擊？
為尋找最小衝突的能源轉型路徑，成大團隊提出「台灣電業整合規劃指引」供決策者參考，指引中提出「全資源IRP」，旨在引導相關專業人員以整合性思維進行電業規劃。團隊建議，政府每年公布的全國電力資源供需報告未來應納入全資源IRP，用更整體視角規劃未來電力，並建立專責的電力規劃與監管單位。
台灣推動能源轉型常面對土地、生態、社會衝擊等問題。圖為彰濱工業區的崙尾光電場及陸域風機。攝影：陳昭宏
最小衝突的能源轉型路徑 成大團隊推電力規劃方法學
能源轉型過程中，常面對土地、生態、社會衝擊等壓力，如何盤點外部問題、整合資源，是電力發展規劃關鍵。成大整合資源規劃研究團隊提出「全資源IRP」，除傳統供需管理外，也將系統外部的多元資源納入討論，如土地空間配置、社會衝擊、自然資源、氣候風險等因素，以找尋「最小衝突、最大共識」的能源轉型路徑。
台灣科技媒體中心19日舉行「台灣電業整合資源規劃指引（IRP）線上記者會」，計畫主要作者、成大水利及海洋工程學系教授王筱雯表示，參與式規劃將貫穿「全資源IRP」方法學的四個階段：參與式規劃、情境評估、系統測試及提出轉型計畫。
整合資源規劃（Integrated Resource Planning，IRP）是一種用於電業規劃的方法學，從系統角度出發規劃電源開發。傳統IRP方法聚焦在電業系統內部的資源整合（如發電設施、儲能系統、電網及饋線、用電管理等），通常無法主動回應電源開發對環境與社會的衝擊。全資源IRP則仰賴完整的各項資源基礎資料。
王筱雯坦言，台灣在環境、社會、經濟等面向的基礎資料嚴重不足，是推動全資源IRP的困境之一。但他強調，能源轉型的規劃及情境模擬「不能等資料完整才開始」，資料有限的情況下，仍可透過假設和模擬，並結合專家與利害關係人的意見，以及基礎資料的逐步完善，滾動修正提高模擬及規劃的準確性。
台灣科技媒體中心19日舉行「臺灣電業整合資源規劃指引（IRP）線上記者會」。圖片來源：台灣科技媒體中心提供
模擬2030年能源情境 樂觀下有隱憂
團隊在全資源IRP的框架下，模擬台灣2030、2050年能源情境。在2030年樂觀情境中，台灣達成缺電風險低、電力排碳顯著降低、再生能源供給充足等目標。然而，高再生能源滲透率也提升單日系統負載變化幅度，系統更依賴儲能、需量反應等彈性資源。此外，即便全國總發電量充足，但離岸風場集中在中部，當地輸電線路若無法承載瞬間大量電力，反將提高供電風險。
王筱雯解釋，我國仰賴風、光電的大規模快速部署，恐怕在空間規劃、社會接受度面臨壓力，如離岸風電2029年目標達12.5GW，和當前有很大落差。
再生能源土地利用爭議不斷，團隊提出「最小衝突選址框架」，整合不同利害關係人對土地使用的優先排序，並疊圖分析、篩選出具發展潛力且價值衝突最小的地點，並與社區合作設計案場。
全資源IRP方法學分成四階段、十步驟。圖片來源：擷取自王筱雯簡報
成大團隊建議IRP方法納電力供需報告 加州已有成功案例
成大團隊建議，政府每年發布的「全國電力資源供需報告」應納入全資源IRP的內容與流程，使其成為促進公共討論、引導市場投資的工具。為強化規劃的執行與追蹤，報告內容除了呈現電力供需現況、未來規劃與執行計畫，也應納入關鍵議題，如電價與民生消費、電力與空品調度、區域電網穩定等。此外，政府也應設立專責的電力規劃與監管機構，由國發會負責跨部會協調。
加州大學聖塔芭芭拉分校環境研究學系助理教授Grace Wu指出，加州自2015年起強制所有電力服務提供者須每兩年提交一次IRP，由加州公共事業委員會、加州能源委員會審查，所有民間團體都可註冊為利害關係者，參與討論。他表示，IRP制度設計能確保電力採購符合需求，加州所產出的發電組合方案（generation portfolios）已遠超當地的中期潔淨能源目標，「我會說那是一個巨大的成功」。
台灣電力公司綜合研究所所長鍾年勉表示，全資源IRP是一種科學、具說服力的方法，可供社會溝通基礎。但「全資源」範疇廣泛，涵蓋國土、法規、社會、技術等多層面，已超出台電權責範圍，有必要成立一個更高層級的監理單位，同時也須釐清電力規劃的主責單位。
參考資料
台灣電業整合規劃指引：
drive.google.com/file/d/17eC65ewQWQVUR2Y22n5kGiGW12l3p3wg/view?usp=drive_link
延伸閱讀
因應AI發展 未來10年用電年成長估2.8% 學者憂：看不到深度節能規劃
政院公布2025年發電配比 核三停機後再生能源約16%
2024用電創歷史新高 再生能源占比破一成 核電僅4%
相關文章
DAKA再生資源利用中心正式啟用 台泥如何轉廢為能？
2025/10/23
台灣第一份無碳電力報告：2030年可滿足全國5%用電使用八成CFE
2025/10/22
「購車現實」卡在哪？ SMAT：今年電動機車市售比僅6.8% 民眾盼補助直達消費者
2025/10/20
中山大研究揭颱風幫海洋深呼吸、風神過境菲律賓釀8死、美國蓋資料中心引發鄰避效應
2025/10/20
稀土成美中貿易戰場 對全球與台灣影響一次看
2025/10/20
英國地下鹽穴重回能源轉型舞台 首座綜合綠氫基地2029年將啟用
2025/10/17
能源轉型
台灣新聞
能源規劃
電力
深度低碳新聞
作者
陳昭宏
探索矇矓中開展的世界、滲透身體的網，與身體和環境結盟，共同行動。"
https://e-info.org.tw/taxonomy/term/5,4,蘇澳鎮蘇北社區：從梅姬風災中站起 刻劃在人們心中的防災意識,https://e-info.org.tw/node/242177,2025-09-23 10:50,"台灣新聞
蘇澳鎮蘇北社區：從梅姬風災中站起 刻劃在人們心中的防災意識
2025年09月23日
環境資訊中心記者 李蘇竣 宜蘭報導
分享到Facebook
分享到Line
分享到Twitter
環境資訊中心記者 李蘇竣 宜蘭報導
每個台灣人都見識過颱風的可怕，但我們是否有做出對應足夠的防災行動？15年前，梅姬颱風重創宜蘭蘇澳地區，驚人的豪雨導致淹水、土石流，共38人因崩塌或洪水死亡。知名景點「蘇澳冷泉」所在的蘇北里，當時水淹一層樓高，居民決心組成社區自主防災隊，如今透過細膩的防災分工與籌備，成為全國防災社區的「資優班」。莫忘災害教訓，他們是如何走到這一步？
平時靜靜流淌的小溪轉眼間淹沒了兩旁道路，淹進民宅。攝影：李蘇竣
2010年梅姬颱風蘇北里淹水情形。圖片來源：廖大瑋提供
複合型災害多可怕？ 淹水、土石流讓人無處可逃
2010年10月，梅姬颱風雖然沒有直接登陸台灣，但外圍環流與東北季風的共伴效應，仍在宜蘭地區降下超大豪雨。蘇澳氣象站測得颱風期間累積總雨量1180.9毫米，至今依然是該站的最高紀錄。大雨又逢滿潮，導致蘇澳地區多處淹水、土石流災情。當地人稱之為百年洪水。
在梅姬颱風風災中，蘇澳蘇北里社區有11個人不幸罹難。蘇北里里長陳添琪當時才到職三個月，面對嚴重災情，他痛定思痛，決心推動社區防災工作，避免悲劇重演。他先是爭取內政部防災深耕計畫，又辦理水利署「水患自主防災社區」，再爭取當時水土保持局的「坡地自主防災社區」，連年獲獎肯定，成為國內防災社區楷模。
蘇北里長陳添琪任期進入第四屆，平常里內事務繁忙，笑說都不敢隨便出遠門。攝影：李蘇竣
陳添琪帶著《環境資訊中心》記者走訪社區，重回風災現場。山上有一座指南宮，一旁的小溪為土石流潛勢溪流，即便早已設置邊坡工程，在當年的大雨沖刷之下，仍造成嚴重的土石流災情。坡地另一邊，白雲寺旁的民宅，就因為土石流造成九人活埋罹難。
眼前此處的空地，曾經是土石掩埋的房屋所在。陳添琪說，為什麼當年這些人跑不掉？因為山腳下早已淹滿一層樓高的水，聯外道路中斷，罹難者被迫困於在土石流風險之下。
不讓梅姬憾事重演 最強永續防災隊誕生
為了因應複合型災害，蘇北里同時辦理水患、坡地災害防災「雙主修」，連續三年獲得經濟部水利署水患自主防災社區評鑑特優，並列為種子社區，全台僅有五處；也被農業部農村水保署認證為坡地防災金質社區，獲選為全台12處亮點社區之一。
多連霸冠軍的背後，是蘇北里細膩的防災思維與堅強意志。陳添琪和我們分享，其他社區通常由里長擔任防災指揮官、里辦公室主導防災團隊，但蘇北里不同，由社區發展協會籌組防災隊，指揮官也由協會推派適合人選，協會成員親自加入防災職位。如此一來，防災隊的運作就與里長選舉脫鉤，讓防災工作更能融入社區發展、永續推動，不會侷限在四年任期。
空地改建為停車場，梅姬颱風時水淹一層樓以上，在記者站著的位置恐怕已經滅頂。左後方淡紅色房屋為照片左邊房屋。攝影：李蘇竣
從山上往下，山腳有阿里史溪，溪畔的空曠平地現在改建為停車場。這裡被列為易淹水地區。陳添琪說：「這裡是全蘇澳最低窪的地方」。梅姬颱風淹水災情的成因，除了雨量過大，適逢大潮，阿里史溪下游出海口水位高漲，大量的水無處可去，淹沒了蘇澳地區。
陳添琪翻出梅姬颱風時的淹水照片，黃色泥水的高度淹過民宅一樓的遮雨棚，部份二樓也浸在水中，「當時水淹得很快，居民根本來不及反應，也有人不幸被水流沖走」。
陳添琪說，蘇北防災隊成員的分工明確，只要發生豪大雨，就會啟動巡視預警，隊員會到各自負責的巡視點位例如易淹水地區或是坡地，回報現場狀況。防災隊也會把照片上傳到社區居民互動的LINE群組，讓里民及早掌握狀況。
一旁滯洪池的兩台移動式抽水機，是政府協助設置的，陳添琪可以透過網路攝影機即時監看戒備，只要水位達到警戒線，抽水機就會啟動。
透過監控系統，在手機上就可以及時掌控滯洪池水位。攝影：李蘇竣
滯洪池與抽水機。攝影：李蘇竣
阿里史溪上游是蘇北里，下游是蘇南里，兩個里近年建立起防災陣線，共享水情資訊。一旦上游水位高漲，下游就可以展開準備；反之，如果下游發生排水不及的狀況，上游也可以及早做出因應。災害來臨時，兩里之間可以互相照應。
在梅姬風災後，縣府於阿里史溪、蘇澳溪交會的出海口建立引水抽水站，如果蘇澳溪水位高漲，兩溪之間的閘門會關閉，避免外水倒灌進入阿里史溪，並啟動抽水，將阿里史溪的水強制排出。蘇北里也與鎮公所保持聯繫，掌握社區的水位、移動式抽水機的作動狀況，以及抽水站的運作情形，避免危機情況下各自為政。
莫忘災害 居民深植防災意識
即便15年過去，災後記憶仍深刻。蘇北社區發展協會理事長江清吉分享，那天突如其來的暴雨，他去學校接停課的孫子，沒想到這一趟出門差點回不了家。先是機車進水拋錨，狼狽返家卻因停電導致鐵捲門失效，繞去後門的短短時間內，大水已經漲起來沖進家中，屋內家具家電全都泡水，門前巷子淹成小河，各種雜物在水上漂流。
蘇北社區發展協會理事長江清吉分享當年淹水狀況。攝影：李蘇竣
江清吉說，水淹的速度讓人根本無法反應，鄰居在一片混亂之中互相救災、協尋失蹤的親友，聽聞山邊發生土石流崩塌，更是人心惶惶，徹夜難眠。
事後，江清吉在家中牆壁畫上一條水位記號，親筆寫下「99年10月21日下午1點40分水災 高度120公分」，提醒自己莫忘災害。
親筆在家中牆上寫下水災紀錄。攝影：李蘇竣
蘇北防災隊成員每年都會參加複訓、更新防災資訊。除了對里內積極宣導，身為防災社區楷模，也吸引全台各地社區、學校或公家機關來訪。陳添琪說，下一步要力拼爭取內政部「韌性社區」認可，讓防災更全面。
防災團隊在社區內的易淹水點位、易崩塌位置設置四面防災看板，告訴民眾此地曾經發生過哪些災害，提醒注意防範，也提供QR code連結，可以透過手機快速閱覽這些影音資訊。此外，著名景點「蘇澳冷泉」就位在里內，防災團隊貼心在冷泉公園的看板和QR code連結中加註避難路線，讓遊客也可以知道災時往哪裡疏散避難。
陳添琪說，希望將防災意識與觀念深植在每一個人心中，必須要一而再、再而三的不斷提醒，平常會透過各種里內活動提供里民防災宣導教育，並針對里內的脆弱族群如幼兒、年長者進行防災教育演練，並盤點資訊以便在災時第一時間協助脆弱族群。
陳添琪說，以前每次騎車出門，老一輩都會提醒「騎較慢咧」（台語，騎慢一點），防災觀念也是這樣，必須不斷重複提醒，才能讓每個人把這件事掛在心上。
防災社區的獎盃獎狀無數。攝影：李蘇竣
延伸閱讀
專訪內政部次長馬士元：「強韌台灣」如何織出一張救災大網
隱身在社區的種子 遇見日本熱血防災士
「我會用盡全力逃到最後一刻」 連老奶奶都動起來的日本防災DNA是如何磨出來的？
相關文章
澎湖150隻黑面琵鷺過境創新高、冰島首度發現蚊子、英國科學家培育出抗豬瘟品種豬隻
2025/10/23
能源業務首度脫離產業 韓國新「氣候能源環境部」如何走出四難困局？
2025/10/22
恆春半島又現狂犬病鼬獾、研究指美肉類消費碳排直逼化石燃料、賽普勒斯野貓氾濫成災
2025/10/22
強風揚塵雲嘉南空品一度「紫爆」、新北動保處成功孵化黑眉錦蛇、全球暖化讓北海道成為葡萄酒產區
2025/10/21
川普祭關稅、簽證威脅 全球海運碳費延後一年再議
2025/10/20
中山大研究揭颱風幫海洋深呼吸、風神過境菲律賓釀8死、美國蓋資料中心引發鄰避效應
2025/10/20
氣候變遷
宜蘭
台灣新聞
颱風
淹水
水災
土石流
防災
作者
李蘇竣
生在台灣，活在台灣，我們都是山與海的子民。"
https://e-info.org.tw/taxonomy/term/5,4,名間焚化爐明日環評 縣府為何要蓋？ 從垃圾數據、調度政策看端倪,https://e-info.org.tw/node/242186,2025-09-22 18:27,"污染治理
台灣新聞
【焚話名間】
名間
焚化爐
垃圾政策
廢棄物管理
深度低碳專題
作者
陳昭宏
探索矇矓中開展的世界、滲透身體的網，與身體和環境結盟，共同行動。"
https://e-info.org.tw/taxonomy/term/5,4,遊蕩犬、沙灘車、撿蛋 來看小燕鷗在台繁殖到底有多難,https://e-info.org.tw/node/242155,2025-09-22 16:51,"生物多樣性
台灣新聞
小燕鷗
遊蕩犬
候鳥
作者
廖靜蕙
環境記者／自由撰稿人，致力於生物多樣性主流化。從事社工10餘年，認知到再弱勢的人都可以為自己發言，決定轉投生態保育，為無法以人類語言發聲的生命與土地寫報導。現居台北市，有貓、有龜，以及一些過客。個人粉專「
小麻通訊
」。"
https://e-info.org.tw/taxonomy/term/5,4,中研院首創二碳植物 固碳效率提升50％ 登上《科學》,https://e-info.org.tw/node/242172,2025-09-22 11:03,"氣候變遷
台灣新聞
基因改造
植物
固碳
深度低碳新聞
作者
鍾依靜
數據是另一種語言。
擅長說話，但喜歡不會說話的山、海、動植物。
The proof of the pudding."
https://e-info.org.tw/taxonomy/term/5,5,10月民生電價漲3.12%  美關稅影響工業電價凍漲,https://e-info.org.tw/node/242182,2025-09-19 22:22,"台灣新聞
10月民生電價漲3.12%  美關稅影響工業電價凍漲
2025年09月19日
環境資訊中心記者 陳昭宏報導
分享到Facebook
分享到Line
分享到Twitter
環境資訊中心記者 陳昭宏報導
電價費率審議會今（19）日決議，民生平均電價調漲3.12%，工業電價則因美國對等關稅等不確定因素凍漲，本次調整後台電預計年收可增64億元。台灣氣候行動網絡研究中心總監趙家緯認為，並非所有產業都受美國關稅衝擊，工業電價不應全面凍漲，否則恐怕削弱企業投資節電的誘因。
經濟部次長賴建信今（19）日表示，考量美國關稅帶來的不確定性，決定凍漲工業電價平穩物價。本次調漲電價對CPI影響為0.0133%。攝影：陳昭宏
民生調漲3.12% 工業電價凍漲
經濟部今（19）日召開2025年下半年電價審議會。經濟部次長賴建信表示，考量電價未能反映成本，且台電鉅額虧損，決議民生電價調漲3.12%，工業電價則繼今年4月後再度凍漲，維持平均每度4.27元。整體平均電價由3.76元提高至3.78元，整體漲幅約0.71%。
細看民生電價調漲方式，小商店平均漲幅0.96%，用電700度以下每度電調漲0.1元，701度以上不調整。住宅平均電價漲幅4.3%，用電700度以下每度電調漲0.1元，701～1000度每度調漲0.2元、1001度以上調漲每度0.4元。以每期（2個月）用電1000度的住宅試算，每期平均電費增加100元。
賴建信說明，上半年住宅用電最低級距每度電僅收1.68元，「幾乎是台電合理發電成本不到1/2」，為反映成本，才需適度調整民生電價。
產業方面，下半年面對美國對等關稅的不確定性，「不希望這些方案堆疊，對物價波動造成影響。」，決議凍漲工業電價。經濟部並表示，本次電價調整對今年CPI影響僅有0.0133%。
台灣住宅電價仍低於日韓
記者會中，經濟部未透露現階段的合理電價平均值，僅表示合理調幅為6.45%。根據最新的2025年3月電價審議會
檢討資料
，合理電價應達平均每度4.0968元。本次審議會決議整體平均電價3.78元，漲幅約0.71%。
民生電價這次有調漲，但台灣住宅平均電價每度2.89元仍低於許多國家，例如韓國每度3.96元、新加坡每度6.8元、日本每度7.73元。
台電今（19）日召開電價審議會，決定凍漲工業電價，民生平均電價則調漲3.12%。資料照。攝影：李蘇竣
台電過去3年吸收民生用電成本約2600億元、產業用電成本3400億元，
目前累積虧損
已逾4000億元。政府過去規劃撥補台電千億元以維持穩健營運，但未獲立院同意。除調整電價，台電未來是否再爭取千億撥補？賴建信表示，2026年預算書已送入立院，當中未編列補助預算。
賴建信表示，台電雖有虧損，但今年開源節流，至年底可多出190億元，比年初設定153億元目標還高。而此次電價調漲後，台電預計全年收入可增64億元。
環團：工業電價不應全面凍漲
台灣氣候行動網絡研究中心總監趙家緯分析，每月用電700度以上家戶，電費占所得約0.6%，用電330度以下家戶電費占所得則將近1.5%。本次調整針對用電較高者有較大漲幅，可讓用電多、收入高者承擔更多責任，有助於電價合理化。但針對1000度以上的高用電戶，應給予更高漲幅。
產業電價凍漲，則可能削弱企業投資節電的誘因。趙家緯表示，近期已有部分業者因關稅等不確定因素，在節能投資上趨於保守。他指出，官方以考量關稅衝擊為由凍漲工業電價，但並非所有產業都受相同程度衝擊，且台灣第二季GDP成長率達6%，合理作法是針對未受關稅壓力影響的產業進行相對應調漲，而非全面凍漲。
政府應持續關注企業深度節能計畫
趙家緯建議，政府應持續關注深度節能計畫的推動成果，若企業
1.5%年度節電率目標
遇到瓶頸，就應回頭思考是否要調整不同行業的電價，強化節能力道。
由於燃料價格下跌，台電累積到7月盈餘有41億元。調漲電價後，將額外增加15億元電價收入。但是趙家緯呼籲台電「不能今年打平就高枕無憂」，台電過去累積的虧損若未解決，恐不利強化電網韌性相關工作執行。
今（2025）年7月丹娜絲颱風侵台，南部多處電線桿遭吹倒、造成停電，電網韌性議題備受重視。圖片來源：台電提供
他分析，明年10月接近地方選舉，電價再漲可能性不高，政府須把握下次（4月）審議會推動更合理電價，確保台電有充足資源投入必要建設。
延伸閱讀
【圖表】20年電價回顧：民生低段電價16年未調漲
電價不漲 經濟部穩物價 環團憂削弱能源轉型量能
經濟部修法提高企業用電大戶「全公司」節電率1.5% 學者：還可以更高
相關文章
DAKA再生資源利用中心正式啟用 台泥如何轉廢為能？
2025/10/23
台灣第一份無碳電力報告：2030年可滿足全國5%用電使用八成CFE
2025/10/22
「購車現實」卡在哪？ SMAT：今年電動機車市售比僅6.8% 民眾盼補助直達消費者
2025/10/20
中山大研究揭颱風幫海洋深呼吸、風神過境菲律賓釀8死、美國蓋資料中心引發鄰避效應
2025/10/20
稀土成美中貿易戰場 對全球與台灣影響一次看
2025/10/20
英國地下鹽穴重回能源轉型舞台 首座綜合綠氫基地2029年將啟用
2025/10/17
能源轉型
台灣新聞
電價
節電
台電
作者
陳昭宏
探索矇矓中開展的世界、滲透身體的網，與身體和環境結盟，共同行動。"
https://e-info.org.tw/taxonomy/term/5,5,從竹牙刷、「粉紅超跑」竹碗到竹單車 林家宏把永續變成供應能力,https://e-info.org.tw/node/242153,2025-09-19 15:11,"循環經濟
南投
台灣新聞
竹子
零廢棄
資源循環
作者
蕭紫菡
蕭紫菡，政大新聞系畢，現任《環境資訊電子報》、《故事：寫給所有人類的歷史》、《50+plus》、《人物誌》等特約記者，悠遊於文字與劇場之間。"
https://e-info.org.tw/taxonomy/term/5,5,候鳥旅途不平安 救傷主因為肉毒桿菌中毒、車輛撞擊次之,https://e-info.org.tw/node/242166,2025-09-19 11:03,"台灣新聞
候鳥旅途不平安 救傷主因為肉毒桿菌中毒、車輛撞擊次之
2025年09月19日
整理：吳奇諺（環境資訊中心記者）
分享到Facebook
分享到Line
分享到Twitter
整理：吳奇諺（環境資訊中心記者）
台灣為東亞候鳥遷徙樞紐，然而鳥隻的旅途並非一路平安。農業部生物多樣性研究所野生動物急救站統計，2013～2024年救治335隻候鳥中，以肉毒桿菌毒素中毒為最，其次是遭車輛撞擊。生多所提醒，為保護候鳥安全，不論是行經棲地減速慢行，或是發現受傷候鳥盡速通報救傷單位，民眾參與都是關鍵。
生物多樣性研究所野生動物急救站2013～2024年候鳥救傷原因前十名。圖片來源：農業部生物多樣性研究所 野生動物急救站 提供
黑面琵鷺肉毒桿菌毒素中毒，進站時精神沉鬱、張口呼吸。圖片來源：農業部生物多樣性研究所 野生動物急救站提供
候鳥肉毒桿菌中毒案例最多
每年9～10月，包含紅尾伯勞、灰面鵟鷹、黑面琵鷺等候鳥紛紛現蹤台灣，然而他們的旅途並不安全。根據農業部生物多樣性研究所野生動物急救站統計，2013～2024年間，共救治58種、335隻候鳥。
生多所發布新聞稿，候鳥救傷以肉毒桿菌毒素中毒占比最高，且107隻救傷案例中，有105隻為黑面琵鷺，經施打抗毒素血清及進行支持療法，最終80隻康復重返野外。然而生多所表示，抗毒素血清昂貴且數量有限，目前僅能優先使用在瀕臨絕種保育類的黑面琵鷺身上，尚無法廣泛施打於所有中毒鳥類，因此了解致病原因並執行相應的棲地管理，才是解方。
生多所說明，肉毒桿菌（
Clostridium botulinum
）是常存在於土壤與水域的厭氧菌，在低氧、高溫、富含腐敗有機質的環境中，細菌會大量繁殖進而產生神經毒素，水鳥若誤食受污染的食物或生物體，將出現弛緩性麻痺甚至死亡。
生多所解釋，當濕地出現大量死亡魚類或腐爛植被，加上降雨減少、水位下降、含氧量降低，極易引發疫情，若未及時處理，鳥類屍體的堆積又會成為新的毒源，形成惡性循環。生多所表示，政府部門與在地保育團體及動物救援單位，每逢候鳥季前便會展開棲地巡查，一旦發現異常，會及時進行屍體清除、水質改善等措施，並同步啟動救援機制。
受車輛撞擊導致右側肱骨閉鎖性骨折的遊隼，經獸醫師麻醉進行醫療處置當中。圖片來源：農業部生物多樣性研究所 野生動物急救站提供
車輛撞擊也成候鳥救傷主因
生多所統計，救傷原因第二名為撞擊。12年來，共有85隻候鳥因撞擊來到急救站，其中52.9%（45隻）為車輛撞擊，24.7%（21隻）為撞擊玻璃，最後分別僅有24.4%與52.4%的個體重返野外，整體野放率並不高。
不僅鳥類，哺乳類與爬蟲類亦深受車輛撞擊所害。生多所表示，所有因車撞救治的動物，順利野放的比例僅22%，凸顯此類事故的高致死風險，因此交通安全不僅關乎人類，更與生態保育緊密相關。
生多所建議用路人，進入候鳥頻繁出沒的區域時，減速慢行、留意路況是最直接的保護行動。若不幸撞到動物，更應適時救助、妥善處理並通報相關單位，共同守護生態安全。
黑腹燕鷗遭到車輛撞擊，造成左翅掌骨組織壞死，最終面臨安樂死。圖片來源：農業部生物多樣性研究所 野生動物急救站提供
2025年世界候鳥日（5月及10月的第2個星期六）以「讓天空暢行無阻：保護候鳥的遷徙之路」為主題。生多所提醒，面對候鳥遭遇的威脅，跨部門合作及民眾參與成為關鍵。民眾若發現疑似受傷或行為異常的候鳥，應避免直接接觸，並儘速通報地方主管機關或野生動物救傷單位，以利專業人員安全處理。
延伸閱讀
當氣候漸暖 鳥類面臨生存危機 該先救誰？
一次撞死35隻候鳥 香港首份完整年度鳥撞數據 政策倡議亟需公民回報
玻璃一年奪走上億「鳥」命 美國大樓不想再當候鳥殺手
相關文章
《山與林的深處》：台裔環境歷史學家的尋鄉之旅
2025/10/24
澎湖150隻黑面琵鷺過境創新高、冰島首度發現蚊子、英國科學家培育出抗豬瘟品種豬隻
2025/10/23
恆春半島又現狂犬病鼬獾、研究指美肉類消費碳排直逼化石燃料、賽普勒斯野貓氾濫成災
2025/10/22
強風揚塵雲嘉南空品一度「紫爆」、新北動保處成功孵化黑眉錦蛇、全球暖化讓北海道成為葡萄酒產區
2025/10/21
紐西蘭的「Tuna」秘密：毛利餐桌上，鰻魚面臨生存危機
2025/10/21
石花凍、石頭厝、瀕危植物海米 台灣極東走讀暨海岸守護行動
2025/10/17
生物多樣性
台灣新聞
候鳥
黑面琵鷺
鳥撞
肉毒桿菌
棲地保護
作者
吳奇諺
編輯／旅人／觀察者
走過山與海，願它能永遠美麗。"
https://e-info.org.tw/taxonomy/term/5,5,在心靈健康與身體健康中找平衡——安心燒香指南,https://e-info.org.tw/node/242132,2025-09-19 09:29,"污染治理
台灣新聞
你「香」信嗎？ 環保與信仰的結與解
空污
焚香
PM2.5
作者
鍾依靜
數據是另一種語言。
擅長說話，但喜歡不會說話的山、海、動植物。
The proof of the pudding."
https://e-info.org.tw/taxonomy/term/5,5,百年香舖如何延續香火 製香產業的變與不變,https://e-info.org.tw/node/242131,2025-09-19 09:27,"污染治理
台灣新聞
你「香」信嗎？ 環保與信仰的結與解
焚香
宗教信仰
傳統產業轉型
作者
鍾依靜
數據是另一種語言。
擅長說話，但喜歡不會說話的山、海、動植物。
The proof of the pudding."
https://e-info.org.tw/taxonomy/term/5,5,香火漸減的年代 宮廟如何與時俱進？,https://e-info.org.tw/node/242130,2025-09-19 09:27,"污染治理
台灣新聞
你「香」信嗎？ 環保與信仰的結與解
焚香
宗教信仰
環保金爐
作者
鍾依靜
數據是另一種語言。
擅長說話，但喜歡不會說話的山、海、動植物。
The proof of the pudding."
https://e-info.org.tw/taxonomy/term/5,5,跟月老求演唱會門票、香品「電子化」 新一代的燒香面貌,https://e-info.org.tw/node/242129,2025-09-19 09:27,"污染治理
台灣新聞
你「香」信嗎？ 環保與信仰的結與解
焚香
宗教信仰
環保金爐
作者
鍾依靜
數據是另一種語言。
擅長說話，但喜歡不會說話的山、海、動植物。
The proof of the pudding."
https://e-info.org.tw/taxonomy/term/5,5,你「香」信嗎？ 環保與信仰的結與解,https://e-info.org.tw/node/242148,2025-09-19 09:26,"污染治理
台灣新聞
你「香」信嗎？ 環保與信仰的結與解
焚香
民俗文化
宗教信仰
作者
鍾依靜
數據是另一種語言。
擅長說話，但喜歡不會說話的山、海、動植物。
The proof of the pudding."
https://e-info.org.tw/taxonomy/term/5,5,禁餵遊蕩犬貓、餵食者須負飼主責任——為何他們在一片爭議聲中堅持提案？,https://e-info.org.tw/node/242151,2025-09-17 17:00,"台灣新聞
禁餵遊蕩犬貓、餵食者須負飼主責任——為何他們在一片爭議聲中堅持提案？
2025年09月17日
環境資訊中心記者 袁慧妍報導
分享到Facebook
分享到Line
分享到Twitter
環境資訊中心記者 袁慧妍報導
犬殺與人犬衝突問題持續升溫，近月有立場不同的民眾就遊蕩犬貓議題在公共政策網路參與平台提案，其中一案要求落實收容所人道安樂死機制、餵食者承擔飼主責任，已過附議門檻。提案者「炸蝦」（化名）接受《環境資訊中心》訪問時稱，勸導勿餵的成效有限，「如果勸導有用，世界上就不需要法律」，提出須另增法規，或調整責任認定，加強管理。
當餵食者一到場，遊蕩犬已自動自覺靠近等待開餐。資料圖片。攝影︰袁慧妍
16日，農業部動物保護司就炸蝦的提案舉辦意見蒐集會，部分地方政府動保單位發言時均坦言支持禁餵，以減少遊蕩犬聚集及造成公共衛生問題；更有代表直言，人道安樂死一詞太客氣，管理遊蕩動物「必須要有更明確的減量措施」。
有民間野保團體正與立委商議《動保法》修法，加入禁餵無主遊蕩動物、餵食者有飼主責任等條文。動保團體則動員26日到農業部外抗議禁餵入法。
民間提案人剖白︰如果勸導有用  世上不需要法律
7月初，民眾「炸蝦」（化名）在公共政策網路參與平台
提案
，要求落實收容所人道安樂死機制、餵食者應視為管領者承擔飼主責任等。相關提案不足三星期，已達5000人附議門檻，農業部須於9月30日前回應，並邀約炸蝦、野保及動保團體於16日開會徵詢意見。
另一化名「玖梨」的民眾
提案
，要求拒絕流浪動物全面安樂死；嚴懲棄養與虐待；強化晶片、結紮與領養政策；建立全民教育與專款基金等，亦在9月初通過附議門檻，農業部及教育部需於11月3日前回應。
民眾「炸蝦」在公共政策網路參與平台的提案有逾5000人附議，16日他出席農業部的意見蒐集會。圖片來源︰擷取自農業部直播
炸蝦向《環境資訊中心》稱，以往不論在市區或郊區騎腳踏車，都曾有被遊蕩犬追逐的經驗，雖然最後平安無事，「但不是每個人都這麼幸運。」
餵食是遊蕩犬聚集與繁殖的原因之一。炸蝦稱，飼料放在外頭，引來的不只是遊蕩犬貓，更多的是螞蟻、蟑螂等，導致環境髒亂。他曾向餵食者提出意見，但效果有限，「每個人都只會說沒違法、管這麼多、你沒愛心等……」沒有合宜的禁餵法規，政府機構宣導時也會遇到相同障礙，「如果勸導有用，世界上就不需要法律了。」
遊蕩犬貓跟野生動物的衝突，近年討論升溫，炸蝦從討論中看過學者資料與新聞，才知道問題嚴重。他亦稱，曾研究國際上TNR的案例，但根本沒有單純以TNR就能成功清零的案例，且成效有限；TNR也沒有考慮回置後對環境所造成的影響，除野生動物，還包括公共安全、傳染病，以及遊蕩犬貓本身的福祉，「幾乎都很少提及與認真看待。」
炸蝦認為，要求餵食者負起飼主責任，是源頭管理一部分，而落實人道安樂死，則是讓遊蕩犬貓在末端可以舒緩並落實動物福利。他表示，如果這些提案能引起討論，並且讓民眾思考該怎麼改變，就已經起了作用。
9月10日，野保團體、民團及立委就馬頭山梅花鹿遭遊蕩犬圍攻一事召開記者會，席上台南社大發表有關浪犬影像數據調查，當中以住家周邊、農田附近出沒最多。圖片來源︰擷取自台南社大簡報
穿山甲被遊蕩犬咬斷尾巴。圖片來源︰擷取自台南社大簡報
地方政府動保及防疫前線人員支持禁餵
16日，農業部動保司因應炸蝦關於管理遊蕩動物的公民提案已過5000人附議門檻，召開會議蒐集意見。席間，野保人士與動保人士對於犬殺、TNVR成效、安樂死、禁餵等各持己見。
農業部報告國外管理餵養行為的政策時，提到西班牙馬德里自治區、義大利托斯卡納地區，未經授權餵養社區犬貓，會被重罰以千元計歐元。美國明尼蘇州卡勒韋市（Callaway）亦明訂，除獸醫或其他有管理遊蕩犬貓職權人外，在城鎮範圍一律禁止餵食，違者除罰款外，還可被處90天以下拘役；康乃狄克州及伊利諾州芝加哥市，則有執行「貓TNR」，亦分別將餵養貓的人士納管定義為「Keeper」或「Owner」，須負飼主責任。
圖片來源︰擷取自農業部直播
值得留意的是，動保司亦邀請了地方的動保與防疫單位第一線人員到場發言。嘉義縣家畜疾病防治所動保科科長簡禎樂稱贊成禁餵，但執法上有困難，例如目前依《廢棄物清理法》處理飼料及餵食行為，除需要餵食者車牌資料，也「必須要有丟的動作」，才可送環保局處理案件，亦有餵養人「凌晨3、4點才出現」，以上種種導致舉證相當困難。不過，當有兩、三件案例成功送出環保局後，他留意到後續的犬隻群聚與垃圾問題都一併解決。故他建議「有餵就要負責任」，亦須有定時或定點的限定性管理，並搭配收容所落實人道安樂死，「最後教育才是唯一的出路。」
高雄市代表則稱，同意餵養能捕捉到犬隻進行結紮，但據他現場觀察，如結紮後繼續餵養，「會引來更多的狗」，如不餵養，狗群會慢慢散開。至於人道安樂死，他坦言「都有點客氣」，「必須要有更明確的減量措施。」
台北市動保處代表指出，北市動保處總員額少於100人，故執行餵食管理時會跟不同部門合作，例如環保局有6000多人，加上移動式攝影機協助，大大加強以《廢清法》執法。工務局公園路燈工程管理處也訂立了公園管理自治條例，直接禁止在其管轄範圍餵食，包括所有公園綠地、捷運下的線性公園、水門外的河濱公園等。
提案人炸蝦在會後向記者表示，地方政府公部門知悉遊蕩動物衍生的問題，但因「動保團體及相關人士情緒威脅綁架，（公部門）不敢做事」；他亦批評中央政府長期對於研究學者、基層、實際受害者的訴求均只是敷衍參考，也不滿動保司只將「玩弄數字與情感的動團意見列為意見」，「台灣的遊蕩犬貓管理，就是動保司與動保團體自導自演的戲碼與騙局。」
16日的意見會上，野保與動保人士對犬殺、TNVR成效、安樂死、禁餵等各持己見。圖片來源︰擷取自農業部直播
立委提禁餵修法引動保團體反彈 野保團體︰保育也是成本
農業部於3月曾向各地方政府
發函
，
檢送
2014～2024年因餵養遊蕩動物引致人犬衝突民事損害賠償或刑事過失傷害，稱在18件案中，有16件被認定為「飼主案件」，並分為三種類型，包括長期餵養且任犬隻自由進出私領域範圍者有三件；以繫繩、關籠等方式限制犬隻行動並餵食者有五件；餵食者自承為飼主者有八件。並請縣府向民眾進行法規教育宣導及管理，避免於人流密集、交通要道或住宅區域周邊餵養遊蕩動物，免動物聚集而有公安風險。
為野生動物而走行動聯盟理事長李宗宸，最近一直跟有意提《動保法》修法禁餵的立委討論修法草案方向。他理解現實層面很難全面禁餵遊蕩動物，主張先在一些法定保護區例如國家公園、國家級重要濕地，或者生態豐富的區域，嚴格執行禁餵。
但在這些區域以外，餵食者如有管理事實，就應為「飼主」，必須被規範。李宗宸提到「公平性」問題，犬貓作為伴侶動物養在家，負責任的飼主須給牠登記、絕育，但如果民眾在外面有餵養行為，卻不用被規範，「是說不過去。」
民進黨立委邱志偉於7月曾提修法禁餵，當9月新一屆立院會期開始，相關立委修法的消息再被提起，引發動保團體反彈，動保人士發動9月26日到農業部抗議禁餵入法。邱志偉於12日發出
聲明
，稱「虛心受教」，在取得廣泛共識前，不會提出任何修法的意見及建議。
有民眾在晚上特意騎YouBike到新北市竹圍河濱及附近一帶餵養遊蕩犬。攝影︰袁慧妍
部分動保團體曾指出，禁餵會令遊蕩犬貓餓死，而餵食才能有效抓捕遊蕩犬貓進行絕育，從而減少族群數量，一旦禁餵，TNVR的功效將會大減。
不過李宗宸反駁，過往亦曾訪問過進行TNVR的志工，「他們對餵食其實也感到感冒」，因為當動物吃飽後，或更難被誘捕；即使犬貓絕育放回，仍然會追車、攻擊野生動物、咬人，與此同時，餵食的區域又引來新的棄養，「因為棄養的人會覺得，有人會幫他好好照顧動物。」
李宗宸覺得，TNVR的成本與效益，不應只計算結紮，而是要考慮遊蕩動物對環境影響，以及餵食所造成的公共衛生問題，「我們做保育，其實也需要很多付出。」
李宗宸認為修法禁餵是有一定阻嚇力，對管理遊蕩動物亦有效益。他進一步解釋，禁餵是指禁止餵食無主犬貓，「如果牠有主人，那餵食就不違法」，意即餵食者要自認為飼主，執法者則檢查犬貓有否完成登記與絕育；相反，如餵食者否認是飼主，那就可針對餵食行為作出處罰。這個方法雖仍無法解決執法量能不足的問題，「但至少比現在的做法好。」
延伸閱讀
遊蕩動物禁餵了嗎？ 盤點國家公園、濕地、國有林的規定
【校園遊蕩犬攻擊調查】12年301宗、1死4重傷 大學學生會籲檢討
最新研究證實遊蕩犬威脅鼬獾、食蟹獴生存空間 共域難共存！
野生動物救傷原因前五名：遊蕩犬貓攻擊  野保團體倡禁餵浪浪
相關文章
《山與林的深處》：台裔環境歷史學家的尋鄉之旅
2025/10/24
澎湖150隻黑面琵鷺過境創新高、冰島首度發現蚊子、英國科學家培育出抗豬瘟品種豬隻
2025/10/23
恆春半島又現狂犬病鼬獾、研究指美肉類消費碳排直逼化石燃料、賽普勒斯野貓氾濫成災
2025/10/22
強風揚塵雲嘉南空品一度「紫爆」、新北動保處成功孵化黑眉錦蛇、全球暖化讓北海道成為葡萄酒產區
2025/10/21
紐西蘭的「Tuna」秘密：毛利餐桌上，鰻魚面臨生存危機
2025/10/21
石花凍、石頭厝、瀕危植物海米 台灣極東走讀暨海岸守護行動
2025/10/17
生物多樣性
台灣新聞
遊蕩犬
遊蕩貓
餵食
流浪動物
作者
袁慧妍
喜歡上山下海。從山山水水裡看見別人，也看見自己。"
https://e-info.org.tw/taxonomy/term/5,5,遊蕩動物禁餵了嗎？ 盤點國家公園、濕地、國有林的規定,https://e-info.org.tw/node/242113,2025-09-17 17:00,"台灣新聞
遊蕩動物禁餵了嗎？ 盤點國家公園、濕地、國有林的規定
2025年09月17日
環境資訊中心記者 袁慧妍報導
分享到Facebook
分享到Line
分享到Twitter
環境資訊中心記者 袁慧妍報導
高雄馬頭山梅花鹿被野狗攻擊、永安區漁港野狗水中撲咬老翁等事件，再次引起社會對遊蕩動物管理的關注，是否禁止民眾餵食遊蕩犬貓是其中一個討論點。民進黨立委陳培瑜早在4月
質詢
農業部時，曾提出優先針對管理需求較高的特定區域試行禁止餵食。他接受《環境資訊中心》訪問時指，為保護生態多樣性，將會跟內政部討論修法，禁止在國家公園及濕地區域內餵食遊蕩動物。
國家公園、濕地、國有林等，生態資源豐富，如何管理遊蕩動物才可保護野生動物安心棲息？國家公園署、農業部林業及自然保育署怎麼說？《環境資訊中心》取得兩個部門的回應。
陽明山國家公園內，面天山、向天山步道的興福寮登山口，有遊蕩犬迎面而來。攝影︰袁慧妍
只有四個國家（自然）公園明文禁餵遊蕩犬貓
民進黨立委陳培瑜向《環境資訊中心》稱，雖然目前九個國家公園、一個國家自然公園全面禁止餵食野生動物，但只有台江、陽明山、壽山、太魯閣同時禁餵遊蕩動物；至於重要濕地，目前完全沒有禁止餵食的規定。
國家公園署向記者表示，遊蕩犬貓對生態與野生動物造成威脅的問題，以緊鄰都會區、淺山區域的陽明山國家公園與壽山國家自然公園情況最為嚴重。
陽明山國家公園自2016年起針對陽明公園、夢幻湖、馬槽、二子坪、硫磺谷5處犬隻聚集點進行長期調查，估算出園區內犬隻約500至600隻。國家公園署表示，雖期待流遊蕩犬隻能全面移置，但雙北動保處收容能量有限。
國家公園署亦確認，目前十個國家（自然）公園區域裡，有四個禁止餵食遊蕩動物。國家公園署解釋，各國家公園屬性都不一樣，公告禁止事項將依其特性，適時適地適性訂定。
台灣南部的偏遠地區常見遊蕩犬成群出沒。資料圖片。攝影：沈嘉偉
針對民眾在該些區域內的餵食行為，國家公園署也正加強巡查，發現餵食地點及器皿會即時清除；每月與各地方政府農業局、動保處執行兩次保育聯合巡查，取締餵食行為；勸導民眾不餵食、不放養，記錄、取締及裁罰違規行為，並在固定餵食點增設自動相機監控取證。
國家公園署亦稱，2026年起將補助動保團體認養遊蕩犬貓，並加強與社區合作排除餵食，提升誘捕移置效率。
至於是否將禁餵入法，署方指依《國家公園法》第13條第8款規定授權，考量各園區之資源特色及實際管理經營之需要，訂定各國家公園區域內禁止事項，作為規範國家公園區域內禁止行為之依據。
遊蕩犬或造成棲地干擾 重要濕地無禁餵規定
遊蕩犬出沒濕地情況同樣備受關注。國家公園署稱，遊蕩犬出沒之區域主要涉及鳥類孵蛋繁殖區域，犬隻可能直接捕食小燕鷗的蛋與雛鳥，或造成棲地干擾，增加小燕鷗的警戒與壓力，降低繁殖率。目前針對小燕鷗等鳥類的繁殖區域，會架設圍籬或於出入要徑設阻隔設施，避免人及犬隻進入繁殖地；亦會加強巡邏或輔以監視系統，並依風險程度，建立關鍵犬隻清冊，透過關鍵犬隻辨識，通報地方政府動物防疫所或動物保護處進行捕捉、收容。
而《濕地保育法》第25條則針對可能損及濕地資源及有危明智利用項目的使用行為，會予以禁止，但餵食遊蕩犬貓並不在此限。署方說明，會多利用其他法規進行取締裁罰，並宣導禁餵。
署方同時強調，有關餵食遊蕩犬隻、餵食者要負飼主責任，屬全國性議題，不僅在國家公園、濕地、海岸等範圍內，亦包括野生動物保護區或棲息環境，建議回歸目的事業主管法令《動物保護法》範疇研議，由母法源頭治本管理，以利全國統一規範。
林保署2022年已研提《森林法》修法 草案尚在行政院
除了國家公園及濕地，台灣的國有林事業區亦生態豐富，其森林面積逾153萬公頃。《環境資訊中心》亦向林保署詢問是否有研究《森林法》修法禁餵遊蕩動物？署方回覆稱，為兼顧山林開放下民眾親山權利及維繫森林環境之永續發展，已於2022年研提「森林法部分條文修正草案」，並陳報行政院審議中。
該修正草案增訂第17條第2項，明定主管機關得公告指定管制範圍，並於公告內規範管制人員承載量、宿營、車輛使用，以及「其他必要管制事項等不利於森林生態及環境之人為活動」，違反者可依該修正草案增訂的規定，裁處6萬元以上、30萬元以下罰鍰。
目前草案尚待行政院通過後，才會由立法院審議。
林保署表示，期望透過審議通過的條文，推動國有林禁止餵食政策，將不當人為活動對於森林生態或環境之影響減至最低。至於「遊蕩動物之飼主責任」，林保署同樣認為涉《動保法》規範事項，應回歸由《動保法》規範。
中央氣象署在樹林鶯歌山徑豎立「請勿餵食貓狗、請勿逗玩貓狗」告示牌。攝影︰袁慧妍
立委陳培瑜︰可考慮將餵食者納入飼主定義
民間對於全台全面禁止餵食遊蕩動物，爭議非常大。陳培瑜認為，全面禁餵是長期目標，但考量到目前執行的困境，認為可優先針對管理需求較高的特定區域，試行禁止餵食，如各類自然保護區、生態熱區、人犬衝突熱區。他於4月底曾
質詢
農業部，部長當時亦曾允諾將朝這方向推動。
人類餵食就是其中一個會加劇犬隻在外遊蕩的因素，另一管理路徑，就是將餵食者視為飼主，承擔飼主責任。陳培瑜說明，近期也有許多生態學者倡議修改《動保法》，將餵食者納入飼主定義中，且應該增加對於飼主棄養的裁罰，從源頭加強管制，避免家犬成為遊蕩犬。
過去已有不少犬殺野生動物或咬傷人類的案例。陳培瑜指，犬隻是被人類馴化的伴侶動物，只適合在人類家戶中生活，不適合在野外活動；遊蕩犬隻也容易感染疾病，不利動物福祉，是一個「沒有贏家」的局面。他強調，動物在外遊蕩，並非動物的錯，「而是人類的錯，讓犬貓出現在不該出現的地方」，所以他認為該管制的是人類行為，不是針對犬貓。
延伸閱讀
禁餵遊蕩犬貓、餵食者須負飼主責任——為何他們在一片爭議聲中堅持提案？
【校園遊蕩犬攻擊調查】12年301宗、1死4重傷 大學學生會籲檢討
最新研究證實遊蕩犬威脅鼬獾、食蟹獴生存空間 共域難共存！
野生動物救傷原因前五名：遊蕩犬貓攻擊  野保團體倡禁餵浪浪
相關文章
《山與林的深處》：台裔環境歷史學家的尋鄉之旅
2025/10/24
澎湖150隻黑面琵鷺過境創新高、冰島首度發現蚊子、英國科學家培育出抗豬瘟品種豬隻
2025/10/23
恆春半島又現狂犬病鼬獾、研究指美肉類消費碳排直逼化石燃料、賽普勒斯野貓氾濫成災
2025/10/22
強風揚塵雲嘉南空品一度「紫爆」、新北動保處成功孵化黑眉錦蛇、全球暖化讓北海道成為葡萄酒產區
2025/10/21
紐西蘭的「Tuna」秘密：毛利餐桌上，鰻魚面臨生存危機
2025/10/21
石花凍、石頭厝、瀕危植物海米 台灣極東走讀暨海岸守護行動
2025/10/17
生物多樣性
台灣新聞
遊蕩犬
遊蕩貓
流浪動物
國家公園
餵食
作者
袁慧妍
喜歡上山下海。從山山水水裡看見別人，也看見自己。"
https://e-info.org.tw/taxonomy/term/5,6,氣候變遷助埃及斑蚊北移 升溫2℃情境下可能擴散台中、花蓮,https://e-info.org.tw/node/242075,2025-09-17 10:34,"氣候變遷
台灣新聞
埃及斑蚊
白線斑蚊
病媒蚊
深度低碳新聞
作者
鍾依靜
數據是另一種語言。
擅長說話，但喜歡不會說話的山、海、動植物。
The proof of the pudding."
https://e-info.org.tw/taxonomy/term/5,6,當植物能操控環境？ 跨越科學與藝術的邊界——專訪藝術家周巧其,https://e-info.org.tw/node/242058,2025-09-17 09:55,"生物多樣性
台灣新聞
AI
生態系
藝術
植物
作者
蕭紫菡
蕭紫菡，政大新聞系畢，現任《環境資訊電子報》、《故事：寫給所有人類的歷史》、《50+plus》、《人物誌》等特約記者，悠遊於文字與劇場之間。"
https://e-info.org.tw/taxonomy/term/5,6,明年綠電占比目標20% 經濟部拋光電板提前汰舊換新,https://e-info.org.tw/node/242145,2025-09-16 18:11,"台灣新聞
明年綠電占比目標20% 經濟部拋光電板提前汰舊換新
2025年09月16日
環境資訊中心記者 陳昭宏報導
分享到Facebook
分享到Line
分享到Twitter
環境資訊中心記者 陳昭宏報導
經濟部長龔明鑫今（16）日表示，今（2025）年綠電發電占比可達15%，推動能源轉型2.0是重中之重，但達到明年20％目標「有很大挑戰性」。政府將支持浮式風電開發，並著手規劃光電提前汰舊換新，換新後的同等面積發電量可望翻倍。
近期興達、林口電廠接連發生意外，台電董事長曾文生則表示，台電已啟用備用機組因應，至9月底備轉容量率都能維持在6%，也將迅速執行興達新1號機安檢。
經濟部今日舉辦媒體交流會，由部長龔明鑫率各司署、國營事業主管出席。攝影：陳昭宏
新型光電板效率已達23% 經濟部推汰舊換新
經濟部今日舉辦媒體交流會，由部長龔明鑫率各司署、國營事業主管出席。龔明鑫指出，能源轉型2.0發展是「重中之重，必須要推動」，因此拋出光電板提前汰舊換新政策。他表示，10多年前鋪設的光電板，轉換效率僅約新型光電板一半，若汰舊換新，相同面積發電量可望翻倍，能源署已著手規劃。
能源署副署長吳志偉會後接受媒體聯訪表示，新型光電板效率已達23%，至於新政策要汰換幾年以上的光電板、汰換誘因為何、舊光電板回收機制等，都會在政策設計上通盤考量。
根據經濟部規劃，再生能源發電占比在明年11月要達到20%。龔明鑫表示今年占比可達15%，並坦言明年目標「有很大的挑戰性」，會積極提高占比，如投入地熱、氫能發展，支持浮式離岸風電開發。
經濟部長龔明鑫表示，能源署正著手規劃光電板提前汰舊換新政策。圖為台北市的屋頂光電。攝影：陳昭宏
電廠接連出狀況 台電：9月底備轉容量率都可維持6%以上
台電
興達電廠9日發生火警
，試運轉的新2號燃氣機組損壞，已接受調度的新1號機也配合停機檢查。昨日林口電廠再發生勵磁機系統異常，導致2號燃煤機組跳脫。曾文生今日表示，台電因兩次事故，目前減少2.1GW裝置容量（興達1.3GW、林口0.8GW）的電力，以9月夜尖峰負載35GW計算，約影響6%供電。
曾文生表示，為維持備轉容量，台電啟用緊急備用機組因應，至9月底備轉容量率都可維持在6%以上。但他也強調，未來機組仍將面臨大修，台電尚有一定程度供電壓力，因此將「非常迅速」執行興達新1號機的安全檢查，向高市府提出申請恢復運轉。他表示，10月份興達新1號機若能重新接受調度，供電穩定度將再上升。
龔明鑫強調，提升備轉容量率，是為了在意外發生時仍能正常穩定供電，經濟部希望台電能維持台灣備轉容量率至少6%，機組調度事宜完全信任台電專業。他也提到，9月底會公布今年的長期電源開發計畫。
曾文生表示，將迅速執行興達新1號機的安全檢查。攝影：陳昭宏
9月將初步盤點現況 龔明鑫：核三「較有條件」啟動安檢
龔明鑫表示，政府對未來先進核能技術不排斥，核安會也已啟動小型模組化反應爐（SMR）的研究；至於既有機組重啟，核安會已預告安全審查相關辦法，未來將由台電依規定啟動自主安全檢查。
曾文生指出，由於《核管法》並未指定哪部機組可以重啟，台電會針對核一、核二、核三進行安全檢查，預計9月底、10月初完成三廠現況初步盤點，並向經濟部及大眾說明。曾文生並稱，核三廠「比較有條件」進入下個階段的自我安全檢查。
曾文生表示，未來將依核安會公告的細則執行檢查，主要項目為老化管理及耐震強度相關評估；安檢工作希望委由核三機組原廠公司執行，預計今年底、明年初確認與原廠合作狀況。至於核二能否重啟？由於目前乾貯相關工作正在進行，未來爐心用過的燃料棒退出、乾貯執行情形明朗，才能進一步推動安檢工作。
為了強化對海底管線（如電纜、天然氣管線）的保護，經濟部也預計修正《電業法》、《天然氣事業法》、《自來水法》。針對日前高雄美濃農地傳出盜採砂石案，龔明鑫表示將在新會期推動《土石採取法》修法，預計提高行政罰鍰額度，並考慮增加刑罰，目標10月出行政院會、送進立法院。
延伸閱讀
新世代的太陽能技術「鈣鈦礦」可室內發電、全回收 台灣有哪些自主量產優勢
【重啟核三公投Q&A】核三廠歷年異常事件、重啟要審查什麼？ 發生核災政府怎麼賠？
一場「失敗」不意外的公投：南北投票差異大、地面戰、藍綠對決 學者分析原因
相關文章
DAKA再生資源利用中心正式啟用 台泥如何轉廢為能？
2025/10/23
台灣第一份無碳電力報告：2030年可滿足全國5%用電使用八成CFE
2025/10/22
「購車現實」卡在哪？ SMAT：今年電動機車市售比僅6.8% 民眾盼補助直達消費者
2025/10/20
中山大研究揭颱風幫海洋深呼吸、風神過境菲律賓釀8死、美國蓋資料中心引發鄰避效應
2025/10/20
稀土成美中貿易戰場 對全球與台灣影響一次看
2025/10/20
英國地下鹽穴重回能源轉型舞台 首座綜合綠氫基地2029年將啟用
2025/10/17
能源轉型
台灣新聞
光電板
光電
再生能源
核三
核電廠
深度低碳新聞
作者
陳昭宏
探索矇矓中開展的世界、滲透身體的網，與身體和環境結盟，共同行動。"
https://e-info.org.tw/taxonomy/term/5,6,全國律師聯合會發布氣候宣言  律師成為淨零協力者,https://e-info.org.tw/node/242142,2025-09-16 10:56,"台灣新聞
全國律師聯合會發布氣候宣言  律師成為淨零協力者
2025年09月16日
環境資訊中心記者 陳昭宏報導
分享到Facebook
分享到Line
分享到Twitter
環境資訊中心記者 陳昭宏報導
國際近年興起氣候訴訟浪潮，全球已有數千件氣候訴訟，其中逾200件進入憲法或最高法院層級；國際法院（ICJ）更在7月發布
氣候變遷諮詢意見
，強調各國應防止、並減緩氣候變遷。法律已然成為氣候行動的重要戰場之一，全國律師聯合會13日發布本土法律界氣候宣言，呼籲律師在司法、立法及企業顧問實務中發揮影響力，成為淨零轉型的關鍵協力者。
全國律師聯合會13日舉辦「淨零與跨國行動研討會」，並發布《全國律師聯合會氣候宣言》。攝影：陳昭宏
法律界發布氣候宣言 盼律師扮演淨零關鍵角色
全國律師聯合會13日舉辦「淨零與跨國行動研討會」並發表
《全國律師聯合會氣候宣言》
，司法院代理院長謝銘洋、環境部長彭啟明皆受邀出席。全律會理事長李玲玲表示，期盼此宣言能讓律師更理解氣候法治與永續責任，並關注氣候變遷下的弱勢群體處境、公正轉型的議題，成為邁向淨零的重要協力者。
宣言起草人之一、全律會環境法委員會主委簡凱倫說明，宣言主張各國對氣候變遷具有「共同但有區別的責任」，氣候治理具有重要性，台灣有必要建立起具體碳定價與總量管制機制。他並強調，「司法是氣候人權的終極防線」，因此宣言主張公私部門應共同檢視訴訟制度，確保人民權利可能遭受氣候變遷侵害時，在政府不作為、作為不足下，能順利提起救濟。
台大法律學院講座教授葉俊榮則評論，法界氣候宣言不僅是一份承諾，更是台灣與國際接軌的重要橋樑。《聯合國氣候變遷綱要公約》（UNFCCC）讓各國見證氣候議題可以透過法律推動解決，「我當時感到律師終於有機會（在氣候變遷上）扮演重要角色。」
氣候緊急時代 律師們可以怎麼做？
台灣律師界氣候宣言參考自國際律師協會（IBA）於2020年發布的《氣候危機宣言》（Climate Crisis Statement）。IBA專案律師莫里森（Emily Morison）表示，許多案例都顯示，律師事務所常扮演協助業者減碳的角色。至於律師能具體做些什麼？莫里森說，保險、房地產、建設、規劃等多個法律領域都與氣候息息相關，律師可以將氣候風險的認知納入契約設計，讓行動落實為具體機制。
全國律師聯合會環境法委員會副主委黃海寧分享非訟律師如何在日常工作中主動推展氣候行動。攝影：陳昭宏
全國律師聯合會環境法委員會副主委黃海寧表示，律師在企業和國家永續轉型之中其實扮演關鍵角色。許多企業仰賴律師作為顧問，例如在碳費議題上，除了建議產業如何應對，更可回頭給予政府政策建議，確保減碳政策可執行；又或是業者有意在台灣設廠，律師可以提醒本土能源使用的限制、未來發展，協助設計更有韌性的方案。
黃海寧鼓勵同行，氣候行動不必非得是高遠目標，即便只是向政府釐清法規問題、寫出一篇短文，「都會促成這件事情（氣候行動）不斷滾動，有前進就會有解決。」
彭啟明：氣候訴訟絕非只是作秀
今年7月由幾名年輕人發起台灣第一宗本土
青年氣候訴訟
，針對政府減碳目標不足，控告環境部。受邀出席的環境部長彭啟明表示，氣候訴訟絕非只提意見和批評的「作秀」，而是有實質科學與法律依據的行動，能嚴格審視政府的減碳作為、法規設計和責任，「環境部尊重這樣的監督力量」。
環境部長彭啟明在會中致詞表示，環境部尊重監督的力量，會正面看待訴訟結果。攝影：陳昭宏
氣候訴訟網絡（Climate Litigation Network）法律專員烏黛爾（Joe Udell）指出，氣候訴訟常卡在「當事人適格」問題，如氣候變遷影響所有人，原告難以證明個別損害；或因影響多在未來才會發生，原告難以舉證之後將受害。但近年許多案例中，法院放寬對當事人適格的要求，例如承認即使最嚴重的危害尚未到來，當事人仍可提起訴訟，這些發展都為全球法院提供重要參考。
曾經手氣候訴訟案的環權會專職律師、全律會環境法委員會副主委黃馨雯分享，台灣氣候訴訟面臨的挑戰是更根本的「司法近用性」問題，因為現行法律不允許民眾單純針對法規命令或政策目標直接提起訴訟，因而必須在氣候訴訟中，同時主張《憲法訴訟法》制度違憲。
全律會氣候宣言的承諾與行動摘要
1. 全球責任與國際法原則：承認《巴黎協定》將升溫限制在 1.5°C 的目標，呼籲台灣政府提出並落實溫室氣體減量目標，並強化弱勢群體與原住民族的氣候調適能力。
2. 氣候人權：肯認「乾淨、健康與永續環境」為普世人權，要求政府將「氣候人權」納入國家政策核心，建立氣候人權影響評估機制，保障弱勢群體。
3. 民主氣候治理：重大氣候政策應資訊透明、保障公眾參與，避免政策淪為技術治理，並強調人民的知情權、監督權與免於受害的自由。
4. 法制革新與制度韌性：全面檢視土地利用、能源、產業、金融、交通等法規，納入氣候風險與淨零策略，強化企業揭露、綠色投資與永續治理。
5. 司法與氣候正義：主張司法是氣候正義的守護者，應檢討訴訟制度，評估人民對氣候變遷的司法近用性，並加強法官氣候法律培訓。
6. 公正減量與公正轉型：支持以科學為本的減量目標，但政策必須「不遺落任何人」，保障勞工、原住民、農漁民、弱勢群體權益，建立公正轉型評估機制、補償基金、綠色就業培訓。
7. 調適政策與韌性建設：調適不僅是工程，更要納入在地社區與原住民族為本的調適措施，將氣候風險納入空間規劃、水土保持、公共衛生與社會福利體系。
8. 產業法治化與永續轉型：支持強化ESG、永續金融與碳邊境調整，透過立法建立永續資訊揭露、責任會計與監管，確保永續市場建立在透明與信賴上。
9. 鼓勵律師採取氣候行動：支持會員律師在執業中採取氣候行動，包括向客戶揭露氣候風險，協助企業自願揭露氣候風險，並以公益或低酬方式協助受氣候變遷影響者。
10. 推動全律會氣候行動：進行碳足跡盤查、減量計畫與公開報告，推動氣候法律培訓與跨界合作，並積極參與氣候政策的制定與監督。
延伸閱讀
氣候正義歷史性決議 聯合國要求國際法院明定國家氣候義務
台灣首宗氣候訴訟敗訴  律師：已在法庭上開啟實質氣候對話
淹水及腰、田在發燒、高溫勞動 我國首例青年氣候訴訟 原告年輕人現身說法
相關文章
澎湖150隻黑面琵鷺過境創新高、冰島首度發現蚊子、英國科學家培育出抗豬瘟品種豬隻
2025/10/23
能源業務首度脫離產業 韓國新「氣候能源環境部」如何走出四難困局？
2025/10/22
恆春半島又現狂犬病鼬獾、研究指美肉類消費碳排直逼化石燃料、賽普勒斯野貓氾濫成災
2025/10/22
強風揚塵雲嘉南空品一度「紫爆」、新北動保處成功孵化黑眉錦蛇、全球暖化讓北海道成為葡萄酒產區
2025/10/21
川普祭關稅、簽證威脅 全球海運碳費延後一年再議
2025/10/20
中山大研究揭颱風幫海洋深呼吸、風神過境菲律賓釀8死、美國蓋資料中心引發鄰避效應
2025/10/20
氣候變遷
台灣新聞
氣候訴訟
國際法院
淨零
律師
氣候宣言
深度低碳專題
作者
陳昭宏
探索矇矓中開展的世界、滲透身體的網，與身體和環境結盟，共同行動。"
https://e-info.org.tw/taxonomy/term/5,6,森林生態旅遊導覽認證制上路  林業署盼提升解說品質,https://e-info.org.tw/node/242141,2025-09-16 09:26,"台灣新聞
森林生態旅遊導覽認證制上路  林業署盼提升解說品質
2025年09月16日
整理：吳奇諺（環境資訊中心記者）
分享到Facebook
分享到Line
分享到Twitter
整理：吳奇諺（環境資訊中心記者）
國家風景區、森林遊樂區有何分別？為拍攝精彩畫面，可以拿食物引誘野生動物嗎？為提升森林生態旅遊導覽品質，農業部林業及自然保育署推出「森林生態旅遊導覽人員培力與認證計畫」，邀請各界專家錄製20部生態旅遊解說導覽課程影片，免費提供旅遊從業人員與有興趣的民眾線上學習。認證以在國家森林遊樂區帶團的導遊為主要對象，分為金、銀、銅三級，預期目標在三年內培訓30名金級的專業導覽人員。
林業署副署長張岱。圖片來源：林業署 提供
林業署推認證計畫 提升生態旅遊導覽品質
台灣擁有得天獨厚的山林資源，而近年走入山林的遊客也不斷增加。為提供專業、正確且高品質的森林生態旅遊導覽內容，並提供遊客更深度的旅遊體驗，林業署與台灣生態旅遊協會合作啟動「
森林生態旅遊導覽人員培力與認證計畫
」，建立全國一致的培訓與認證制度。
林業署副署長張岱15日於記者會中致詞表示，生態旅遊有別於傳統旅遊，特別強調遊客的收穫，而解說員的功力，便會影響到遊客的生態旅遊的體驗。台灣生態旅遊協會理事長郭育任舉例，許多人分不清楚國家公園、國家風景區、森林遊樂區，以至於出現「太平山森林國家公園」這樣的稱呼。
郭育任表示，「把大家拉到室內上課一、兩個禮拜，我想很多人都辦不到。」因此林業署設計了一系列課程，讓大家閒暇時間能認識台灣山林環境。他補充，這套課程原本是希望收費，但林業署最終決定免費上網開放觀看。
林業署邀請各界專家，製作20部生態旅遊解說導覽課程影片，供旅遊從業人員與民眾免費線上觀看。圖片來源：林業署 提供
20部解說課程免費線上觀看
根據林業署新聞稿，這套課程分成三大特色，一是生態旅遊概論；二是台灣森林生態旅遊總體資源特色介紹；三是台灣森林育樂場域與生態旅遊資源特色。
每堂課約三小時，課程邀請國內動植物生態、地理地質、林業與原民文化、生態旅遊等領域的專家學者，以及各森林育樂場域管理人員，共20部生態旅遊解說導覽課程影片，供旅遊從業人員與民眾免費線上觀看。
林業署指出，若想申請解說導覽人員認證，計畫則提供銅級、銀級、金級三階段的專業認證，取得認證者還可享國家森林遊樂區入園門票折扣等優惠。目前銅級認證前300名，以及銀級認證前100名報名者，可享報名費九折優惠。
森林生態旅遊導覽人員認證機制。圖片來源：擷取自林業署簡報
生態導覽有專業 目標三年培訓30名金級導遊
林業署森林育樂組李允中組長會後受訪說明，他們發現有很多導遊帶團時，傳遞的訊息與官方有所落差。如林業署不鼓勵利用食物等方式誘拍野生動物，但一般導遊並不會禁止這種行為，「我們專業的導遊，必須要把這種正確的觀念，帶給一般的民眾。」
李允中表示，該認證以在國家森林遊樂區帶團的導遊為主要群體，目標希望三年內能達成銅級2000位、銀級80位、金級30位的目標，也很歡迎有興趣的民眾報名認證。
張岱表示，雖然這套課程與認證機制會增加工作量，但「對於長期生態旅遊的推動，是值得投資的一件事情」。他指出，不論是旅行業者、導遊，或是森林遊樂區的志工，只要對森林環境有興趣，都可以透過這樣的課程提升能力，「為知性森林的旅程跨出堅實的一步。」
各級認證簡介
銅級認證
參與者能建立基礎的森林生態旅遊知識，合格者可獲得電子證書，並享有國家森林遊樂區入園全票七折優惠。認證報名費每人1500元；一次報名20人以上，可享九折優惠。
銀級認證
代表參與者已具備更深厚的專業能力，合格者可獲得實體證書與林業保育署限定出版品，享有國家森林遊樂區本人入園全票七折優惠，帶團5人以上入園時，團員可享有全票八折優惠。認證報名費每人4000元；一次報名10人以上，可享九折優惠。
金級認證
通過實地訓練與考核的專業認證，合格者可獲得實體證書與林業保育署精選出版品，享有國家森林遊樂區本人入園全票七折優惠，帶團5人以上入園時，團員可享有全票七折優惠，於林業保育署指定森林育樂場域賣店，購買指定出版品與商品還可享有折扣。認證報名費每人1萬5000元（戶外課程交通、住宿、餐費及保險費另計，實際費用依辦理場域另行公告）。
延伸閱讀
花20年投身《里山根經濟》 陳美惠︰社區生態旅遊現在正是時機
轉型觀光大國前，國旅離永續還剩幾哩路？ 專訪台灣生態旅遊協會理事長郭育任
生態旅遊費用太高、價值太低？ 自然效益是怎麼算出來的
相關文章
《山與林的深處》：台裔環境歷史學家的尋鄉之旅
2025/10/24
澎湖150隻黑面琵鷺過境創新高、冰島首度發現蚊子、英國科學家培育出抗豬瘟品種豬隻
2025/10/23
恆春半島又現狂犬病鼬獾、研究指美肉類消費碳排直逼化石燃料、賽普勒斯野貓氾濫成災
2025/10/22
強風揚塵雲嘉南空品一度「紫爆」、新北動保處成功孵化黑眉錦蛇、全球暖化讓北海道成為葡萄酒產區
2025/10/21
紐西蘭的「Tuna」秘密：毛利餐桌上，鰻魚面臨生存危機
2025/10/21
石花凍、石頭厝、瀕危植物海米 台灣極東走讀暨海岸守護行動
2025/10/17
生物多樣性
台灣新聞
生態旅遊
森林遊樂區
國家公園
國家風景區
生態導覽
作者
吳奇諺
編輯／旅人／觀察者
走過山與海，願它能永遠美麗。"
https://e-info.org.tw/taxonomy/term/5,6,環境部四層空品防護網 全國22工業區鄰近校園列優先改善,https://e-info.org.tw/node/242127,2025-09-15 11:57,"污染治理
台灣新聞
校園
空氣污染
深度低碳新聞
作者
鍾依靜
數據是另一種語言。
擅長說話，但喜歡不會說話的山、海、動植物。
The proof of the pudding."
https://e-info.org.tw/taxonomy/term/5,6,蘋果2025發表會新版Apple Watch亮相⋯卻不再提「碳中和」,https://e-info.org.tw/node/242138,2025-09-15 09:24,"台灣新聞
蘋果2025發表會新版Apple Watch亮相⋯卻不再提「碳中和」
2025年09月15日
轉載自Reccessary；文：林柏宇
分享到Facebook
分享到Line
分享到Twitter
轉載自Reccessary；文：林柏宇
蘋果（Apple）於9日舉行秋季發表會，推出最新Apple Watch Series 11智慧手錶。與過去兩年高調強調產品環境效益不同，今（2025）年蘋果在宣傳上轉趨低調。根據官方公布的產品環境報告，不但看不到任何「碳中和」（carbon neutral）字眼，進一步對比同類產品及配件的溫室氣體排放量，今年產品的碳足跡似乎不減反增。
蘋果（Apple）新品發表淡化智慧手錶減碳效益。圖片來源：蘋果公司
「碳中和」手錶論述消失，碳權抵換方式遭質疑
蘋果在2023年推出首批碳中和產品，並在隔年將達標產品範圍從智慧手錶擴大至Mac Mini桌上型電腦，力圖在2030年以前讓所有產品都滿足減碳標準。然而，今年包含發表會及產品說明在內，與減少碳足跡相關的論述明顯少了許多。
以主要低碳產品智慧手錶為例，蘋果官方聲明稿指出，Apple Watch Series 11採用40%的再生材料製成，包括由100%再生鈷金屬製成的電池，以及由100%再生鈦金屬或鋁金屬製成的錶殼，且鈦金屬錶殼使用3D列印技術，所需的原物料比過往的產品減少一半。而製造過程的供應鏈全面使用100%再生能源，例如風能與太陽能。
不過進一步比較智慧手錶的
產品環境報告
，Apple Watch Series 11搭配鈦金屬或鋁金屬錶殼及運動型錶帶的溫室氣體排放量都是8.1公斤二氧化碳當量，而
前一代產品
不論哪種錶殼，總排放量都在8公斤以下。
歐盟打擊企業漂綠，新法訂定進度受矚目
蘋果先前宣稱的碳中和是以一個在巴拉圭的森林復育計畫為基礎，藉此取得碳權進行碳抵換，但該方法近期在歐洲踢到鐵板。蘋果遭德國法蘭克福地方法院認定文宣內容誤導消費者，且不得在德國繼續宣稱Apple Watch是碳中和產品。
法院在8月底釋出的判決結果中指出，該復育計畫透過租賃土地的方式種植桉樹，但75%的土地租約只到2029年，無法確保後續的環境效益，因此認定蘋果的產品碳中和說法有瑕疵、違反德國競爭法。
蘋果遭德國法蘭克福地方法院認定「碳中和」文宣誤導消費者，不得在德國繼續宣稱Apple Watch是碳中和產品。圖片來源：擷取自蘋果官網
事實上，在歐盟法規框架下，蘋果遲早得面對漂綠質疑。例如，歐盟各國計劃在2026年正式上路的《
消費者賦權綠色轉型指令
》（Consumer Empowerment Green Transformation Directive），禁止企業使用空泛的環境聲明，使用碳抵換的產品也不得宣稱碳中和。
歐盟另一個與防漂綠相關的規定是《綠色聲明指令》（Green Claims Directive），原本計劃在今年納入歐盟法規，但在微型企業反對以及簡化行政流程的原則下，相關協商會議已經在6月暫停。不過隨著丹麥在下半年接手輪值主席國，其環境部長修尼克（Magnus Heunicke）已經對歐洲議會表示，會努力讓成員國重回談判桌。
※ 本文經授權轉載自《RECCESSARY》，原文標題〈
蘋果2025發表會》Apple Watch 11不再提「碳中和」，綠色行銷面臨哪些漂綠難題？
〉，文：林柏宇。不適用CC共創授權條款
RECCESSARY｜延伸閱讀
「碳中和」商品貴在哪？碳抵換帶來多少綠色溢價？用市面筆電、Apple Watch算給你看
產品不是寫「碳中和」就行，4大對策讓企業避免陷入漂綠爭議
延伸閱讀
什麼都碳中和...好像哪裡怪怪的？ 環境部發布指引防漂綠
KitKat拋下「碳中和巧克力」目標 為何外媒反稱讚是好事？
消費者提告達美漂綠 控「全球第一家碳中和航空公司」廣告不實
相關文章
全台禁廚餘餵豬 廚餘回歸堆肥、焚化、掩埋 哪些縣市首當其衝？
2025/10/23
循環經濟路徑圖草案亮相 拚2050年經濟成長與資源消耗脫鉤
2025/10/22
丹娜絲風災提前吹出光電板汰役問題 立委憂處理量能、災損兩頭賠
2025/10/20
每個月會收到幾份帳單？ 電子跟紙本比 環境影響差距上百倍！
2025/10/14
電風扇是國人最常修理家電 環境部全台維修串聯活動10/18登場
2025/10/03
從高壓清洗機到電鋸都可借 全美近80家「工具圖書館」提供永續生活好選擇
2025/10/03
循環經濟
台灣新聞
蘋果公司
碳中和
漂綠"
https://e-info.org.tw/taxonomy/term/5,6,海鳥：終生漂泊大海只有繁殖期登陸 認識台灣三種信天翁,https://e-info.org.tw/node/242120,2025-09-12 18:01,"海洋
台灣新聞
海鳥
信天翁
海洋生物
作者
廖靜蕙
環境記者／自由撰稿人，致力於生物多樣性主流化。從事社工10餘年，認知到再弱勢的人都可以為自己發言，決定轉投生態保育，為無法以人類語言發聲的生命與土地寫報導。現居台北市，有貓、有龜，以及一些過客。個人粉專「
小麻通訊
」。"
https://e-info.org.tw/taxonomy/term/5,6,布農獵人技藝與軍旅訓練結合於一身——埃及聖䴉移除好手全志祥,https://e-info.org.tw/node/241954,2025-09-12 17:33,"生物多樣性
台灣新聞
原住民文化
原住民傳統領域
埃及聖䴉
外來種
狩獵文化
作者
蕭紫菡
蕭紫菡，政大新聞系畢，現任《環境資訊電子報》、《故事：寫給所有人類的歷史》、《50+plus》、《人物誌》等特約記者，悠遊於文字與劇場之間。"
https://e-info.org.tw/taxonomy/term/5,6,我的退休金虧多少？ 民團推四大基金氣候損益計算機,https://e-info.org.tw/node/242107,2025-09-12 10:00,"台灣新聞
我的退休金虧多少？ 民團推四大基金氣候損益計算機
2025年09月12日
環境資訊中心記者 吳奇諺 報導
分享到Facebook
分享到Line
分享到Twitter
環境資訊中心記者 吳奇諺 報導
氣候變遷對於生活環境的影響讓人有感，令人意外的是，氣候變遷也對退休金帶來衝擊。環境正義基金會（Environmental Justice Foundation，EJF）為使民眾切身感受退休金受氣候衝擊風險，推出「
政府四大基金氣候損益計算機
」，讓民眾計算自己的退休金到2050年時的虧損狀況。
環境正義基金會推出了「政府四大基金氣候損益計算機」。圖片來源：環境正義基金會 提供
四大基金均未有積極氣候行動
氣候危機也會影響退休金？EJF與環境權保障基金會、Solution for Our Climate（SFOC）、台灣青年氣候聯盟、350 Taiwan、Protect Our Winters Taiwan、寶島淨鄉團等公民團體，4日聯合召開記者會指出，根據試算分析，政府四大基金（中華郵政儲金、勞工退休基金、勞工保險基金、公務人員退休撫卹基金）若不積極揭露氣候相關財務，亦不從高碳排產業撤資，到2050年，民眾退休金恐縮水超過30%。
EJF氣候專案主任陳庭毓強調，四大基金管理總資產高達15兆元，是全民的資產，應該成為推動台灣2050淨零轉型的助力。EJF新聞稿指出，台灣多數民間金融機構已依循國際標準，持續強化氣候財務資訊揭露，但政府基金尚未被課予相關的法律義務或政策要求。該監管缺口將使上千萬名勞工、公務人員與退休族群暴露於不必要的風險。
試算30歲青年退休金虧32％ 退撫基金減損最為嚴重
為使民眾有感氣候變遷對退休金的影響，EJF推出「
政府四大基金氣候損益計算機
」。該
計算方法
假設個人於24歲開始工作，每月固定提撥薪資6%至政府基金，退休前年薪假設年增2%，65歲退休且不再提撥投入本金；為簡化計算，模型以四大基金年化報酬率約為6%為基準；此外，此試算僅呈現至淨零目標年2050年的結果。
《環境資訊中心》以年齡30歲，且根據2024年行政院主計總處統計該年齡平均月薪4.55萬去計算，發現到2050年，新制勞退、勞工保險、退撫基金都減損超過三成。
《環境資訊中心》以年齡30歲，且2024年行政院主計總處統計30歲平均月薪4.55萬去計算，發現到2050年，新制勞退、勞工保險、退撫基金減損超過三成，其中又以退撫基金減損36%最為嚴重。再以不同年齡與薪資去測試可發現，0～40歲不論平均月薪多少，資產都會顯示將減損32%，直到41歲後減損比例才會增加。
陳庭毓受訪解釋，由於計算機只看到2050年，以及65歲以上不再提撥投入本金的設定，「若是看現在41歲的人，到2050年他會是66歲，超過65歲，代表那一年不會再有本金投入，亦即他就只剩下過去累積的資產去滾，但是氣候風險造成的減損比例其實是逐年增加的。」她強調，每個人薪資不同，但是每一年受到基金減損的影響比例是一樣的。「只是我們希望讓大家可以更切身，以及用2050年作為檢核點。」
陳庭毓說明，這套計算方法背後採用的是NGFS氣候情境分析，且做的是靜態資產假設，除了未考慮通膨影響外，也假設被投資公司的財務狀況、碳排量從現在到2050年皆不變，影響基金資產減損的關鍵在於碳費造成的財務衝擊。
計算方式也以碳費最高的極端情境去模擬，2030、2050年的碳價每噸二氧化碳當量（tCO2e）分別約為3790元、3萬4886元，再以內差法取得其餘年份碳費金額。
9月底前於LUSH門市累積公民行動
為促進訴求推動，EJF聯合美妝品牌LUSH與開放文化基金會（Open Culture Foundation， OCF）發起公民行動，呼籲勞動部、銓敘部與中華郵政，立即完善基金的氣候相關財務揭露，並制定明確可行的化石燃料及高碳排產業撤資時程表。
9月底前，LUSH全台11間店舖將設有專區，邀請民眾參觀了解倡議訴求，並於貼紙版貼上「永續金幣」透過公民行動表達支持。EJF預計將於10月遞交訴求給相關主管機關。
環境正義基金會與多個環境組織4日召開記者會，呼籲政府四大基金積極揭露氣候相關財務、撤資石化燃料。圖片來源：環境正義基金會 提供
延伸閱讀
退撫基金碳足跡最高 台灣何時撤資化石燃料？ 四大基金給答案
百億綠色成長基金啟動  總統：讓台灣奪得全球淨零競賽先機
氣候變遷是薪水和退休金小偷！ 2050全球人均收入少19%
相關文章
澎湖150隻黑面琵鷺過境創新高、冰島首度發現蚊子、英國科學家培育出抗豬瘟品種豬隻
2025/10/23
能源業務首度脫離產業 韓國新「氣候能源環境部」如何走出四難困局？
2025/10/22
恆春半島又現狂犬病鼬獾、研究指美肉類消費碳排直逼化石燃料、賽普勒斯野貓氾濫成災
2025/10/22
強風揚塵雲嘉南空品一度「紫爆」、新北動保處成功孵化黑眉錦蛇、全球暖化讓北海道成為葡萄酒產區
2025/10/21
川普祭關稅、簽證威脅 全球海運碳費延後一年再議
2025/10/20
中山大研究揭颱風幫海洋深呼吸、風神過境菲律賓釀8死、美國蓋資料中心引發鄰避效應
2025/10/20
氣候變遷
台灣新聞
勞退基金
極端氣候
石化產業
碳排放
撤資
深度低碳新聞
作者
吳奇諺
編輯／旅人／觀察者
走過山與海，願它能永遠美麗。"
https://e-info.org.tw/taxonomy/term/5,7,高雄興達電廠新燃氣機組火災 事故經過、供電影響、民間反應一次看,https://e-info.org.tw/node/242117,2025-09-11 10:50,"台灣新聞
高雄興達電廠新燃氣機組火災 事故經過、供電影響、民間反應一次看
2025年09月11日
環境資訊中心記者 陳昭宏報導
分享到Facebook
分享到Line
分享到Twitter
環境資訊中心記者 陳昭宏報導
高雄興達電廠9日晚間發生火警，台電證實為天然氣外洩所導致。火災造成試運轉中的新2號機損壞。台電表示，今年已接受調度的新1號機將配合停機安檢，並將啟動大林燃氣5號機、興達燃煤4號機作為備用機組，確保供電穩定。經濟部長龔明鑫、台電董事長曾文生先後公開致歉，並強調將強化電廠周邊社區即時通報機制。
高雄興達電廠在9日晚間傳出爆炸聲並發出火光。圖片來源：擷取自高雄市議員參選人黃韻涵臉書
興達電廠燃氣新2號機火災 天然氣疑從管線銜接處洩漏
位於高雄永安與茄萣兩區交界的興達電廠，9日晚間8點5分，廠區發出爆炸聲響並竄出火光，明火在晚間8點40分撲滅，無人員受傷。台電董事長曾文生昨（10）日下午召開記者會說明事件經過。他表示，此次發生事故的是新2號機的第2部氣渦輪機（GT2-2）當中的「天然氣加熱器」，其功能是提升天然氣的溫度，以增加機組的發電效率。
曾文生指出，現場勘查後發現，9日才剛啟用的天然氣加熱器，下游管線間用來鎖固銜接處的法蘭（flange）有明顯集中燃燒的痕跡，研判為本次天然氣洩漏點。洩漏的天然氣沿著機組建築間的天井向上飄散並快速燃燒，出現民眾拍到的火光竄升畫面。
新2號機於今年7月28日併網發電，但仍在測試階段，原訂11月底正式納入調度。
台電說明，廠內人員在晚間7點57分偵測到天然氣洩漏，59分即關閉GT2-2，並開始撤離現場人員。由於已先關斷天然氣，因此從8點5分起火到40分火勢撲滅前，燃燒的主要是管內殘餘的天然氣；雖然有出現氣爆的側向衝擊波，但燃燒僅限於洩漏部分，初步判斷未損及其他設備。
導致氣體洩漏的原因是否為法蘭處零件未拴緊？曾文生強調，目前證據僅顯示燃燒就在法蘭周邊，具體洩漏原因還須詳細調查，「通常不會是螺栓沒有拴緊」，須專家檢測才能釐清是設備本身還是施工過程發生狀況。他也提到，另一個調查重點是天然氣升溫是否會影響管線銜接處、造成洩漏。
台電人員與工程團隊經昨日勘查現場，研判GT2-2的天然氣加熱機管線銜接處的法蘭螺栓為天然氣洩漏點。圖片來源：台電提供
興達電廠廠長洪貴忠、台電南部施工處處長黃啟祥赴鄰近召開社區說明會並致歉。圖片來源：高雄市政府 提供
里長不滿爆炸後三小時未有說明 台電將檢討即時通報機制
當地居民直到爆炸聲響後三個小時過去，都未等到台電人員說明。根據
《中央社》報導
，永安區有六里里長要求台電公開說明，否則不排除圍廠抗議。昨日上午，興達電廠廠長洪貴忠、台電南部施工處處長黃啟祥赴鄰近社區
召開說明會
並致歉，並表示新燃氣1、2號機組已暫停運作。
「台電發生任何事故，身為鄰居，我們心裡都感到非常抱歉。」針對資訊未能即時通報給社區，曾文生強調台電有檢討空間，當時因「真實的狀況掌握得不夠明確」，才未第一時間對社區說明。曾文生承諾，未來將強化與地方的即時通報，如研究使用細胞簡訊等方法讓民眾第一時間了解，也會要求台電施工處及興達電廠盡速提出防災對策。
確保供電穩定 台電啟動大林燃氣、興達燃煤備用機組
龔明鑫昨日受訪時強調，兩部機組都已停機，其中新2號機只在試運轉階段，因此停機對供電影響有限；針對已接受調度的新1號機也配合停機
[1]
，為確保供電餘裕，台電將使用備用機組，以維持較高備轉容量率。高雄市環保局也透過
新聞稿
表示，興達電廠「若未完成改善，市府不會同意運轉（新機組）」。
曾文生表示，此次損壞檢查將由設備商美國奇異公司負責，預計在13日完成。恢復運轉的時間點將視受損程度而定，調查及相關復原完成後，才會提報高市府同意後恢復試運轉。
根據台電
新聞稿
，昨日尖峰備轉容量維持在10%以上、夜尖峰備轉容量約6%。為維持餘裕，台電將啟動大林燃氣5號機、興達燃煤4號機，而興達燃煤2號機則暫時待命。
興達電廠共有4座燃煤機組、5部燃氣複循環機組，配合能源轉型，台電2019年推動改建計畫，規劃再新建3部燃氣複循環機組取代既有燃煤機組。目前燃煤1、2號機已轉為「緊急備用機組」、3、4號機則轉為「備用機組」。
由於興達電廠新2號機組發生火災，新1號機組也配合停機檢查。圖片來源：台電提供
興達火災燒出社區風險 環團籲檢視燃氣電廠安全及應變
地球公民基金會執行長王敏玲表示，天然氣在能源轉型中被視為過渡能源，確實讓近年空污顯著改善，並因具備快速升降載特性而能與再生能源搭配。但這次興達火災也提醒社會，燃氣電廠同樣存在風險與代價，工安與公安的重要性「絕不亞於我們對燃煤污染的關注」。
守護外木山行動小組召集人王醒之指出，本次事故「燒出台電安全評估的漏洞」，暴露了天然氣設施可能存在管理缺陷。台灣蠻野心足生態協會專職律師蔡雅瀅則表示，過去民間質疑天然氣設施的風險，台電皆稱液化天然氣不會自燃或爆炸，但興達事故顯示燃氣並非安全無虞，呼籲政府全面檢討燃氣設施事故風險。
註解
[1]
「接受調度」是指機組完成設備安裝、測試等前置作業，已能配合電力系統需求升降載發電，但並不等同於商轉。機組還必須經能源署查證完成、核發電業執照，才能成為在市場上正式發電的商轉機組。
延伸閱讀
興達電廠減煤增氣 40年高齡燃煤機組下月起停機2座
台電砸千億進口五部燃氣機組 興達電廠三部拼2024年上線
興達電廠燃氣取代燃煤 機組「先建後拆」環評過關 環團批環境不正義
相關文章
DAKA再生資源利用中心正式啟用 台泥如何轉廢為能？
2025/10/23
台灣第一份無碳電力報告：2030年可滿足全國5%用電使用八成CFE
2025/10/22
「購車現實」卡在哪？ SMAT：今年電動機車市售比僅6.8% 民眾盼補助直達消費者
2025/10/20
中山大研究揭颱風幫海洋深呼吸、風神過境菲律賓釀8死、美國蓋資料中心引發鄰避效應
2025/10/20
稀土成美中貿易戰場 對全球與台灣影響一次看
2025/10/20
英國地下鹽穴重回能源轉型舞台 首座綜合綠氫基地2029年將啟用
2025/10/17
能源轉型
高雄
台灣新聞
燃氣機組
洩漏事故
天然氣
災害風險
興達電廠
作者
陳昭宏
探索矇矓中開展的世界、滲透身體的網，與身體和環境結盟，共同行動。"
https://e-info.org.tw/taxonomy/term/5,7,民團檢核我國NDC3.0草案：2035年減碳52%才及格,https://e-info.org.tw/node/242115,2025-09-11 09:40,"能源轉型
台灣新聞
國家自定貢獻NDC
深度低碳新聞
作者
鍾依靜
數據是另一種語言。
擅長說話，但喜歡不會說話的山、海、動植物。
The proof of the pudding."
https://e-info.org.tw/taxonomy/term/5,7,環團質疑環評委員環工比例高 環境部強調遴選公正,https://e-info.org.tw/node/242097,2025-09-09 11:12,"土地利用
台灣新聞
環評委員
深度低碳新聞
作者
鍾依靜
數據是另一種語言。
擅長說話，但喜歡不會說話的山、海、動植物。
The proof of the pudding."
https://e-info.org.tw/taxonomy/term/5,7,戶外運動咖成立協會關注氣候變遷  專訪創辦人鄭宜昀：我會不顧一切去做,https://e-info.org.tw/node/242085,2025-09-08 17:55,"台灣新聞
戶外運動咖成立協會關注氣候變遷  專訪創辦人鄭宜昀：我會不顧一切去做
2025年09月08日
環境資訊中心記者 袁慧妍報導
分享到Facebook
分享到Line
分享到Twitter
環境資訊中心記者 袁慧妍報導
訪問約在8月中，台北盆地氣溫高達35°C，街上的行人，有的撐著傘擋陽，有的用毛巾包著頭部防曬。這是一個站著不動也瘋狂流汗的中午，鄭宜昀穿著印上「PROTECT OUR WINTERS｜TAIWAN」 （守護我們的冬天）T恤，隨身帶著《全球碳年鑑》，跟記者在車水馬龍的鬧區中找片綠地拍照。
鄭宜昀關注氣候變遷議題前，曾創業開咖啡廳，去過國外打工度假，也是戶外運動咖。但是，大自然的極端變化，把戶外咖殺個措手不及——雪場沒雪，那片白色的風景，從山上變成水下的珊瑚大白化。鄭宜昀想著，原來眼前這些美好，會趁大家沒注意時，悄悄流逝。
戶外運動咖鄭宜昀今年中向內政部申請成立「台灣守護我們的冬天協會」（POW Taiwan），連結戶外運動人與社群，共同關心氣候變遷。攝影︰袁慧妍
鄭宜昀過去兩年以「POW Taiwan」名義，在台灣辦過兩次氣候變遷嘉年華式遊行和一連串環境講座。今（2025）年6月，鄭宜昀正式向內政部申請成立「台灣守護我們的冬天協會」作為國際POW在台分部，希望聚集更多戶外咖，守護台灣的氣候與土地。
「在能力範圍內做點事，總比站在原地好。」她說。
Protect Our Winters（POW）是什麼？
POW是一個由戶外人組成的國際非營利組織，致力於在氣候變遷中守護大自然與戶外生活。2007年，當時的職業單板滑雪選手Jeremy Jones ，意識到氣候變遷正影響他熱愛的滑雪運動，他嘗試與傳統環保組織合作，卻發現戶外運動社群的聲音微弱、缺乏凝聚力，於是創立POW，讓熱愛戶外的戶外人也能成為改變的力量。
POW Taiwan則從滑雪社群開始，將戶外人對戶外自然的熱愛轉化為氣候行動，並與資深運動員、創意工作者、科學家、企業領袖合作，向戶外社群分享氣候變遷的知識教育、推動再生能源公正轉型，並提出無黨派政策，鼓勵公民投票，為自己想看到的未來投下一票。
從戶外運動看見氣候變遷
十多年前一場演講比賽，
台灣青年氣候聯盟
（TWYCC）創辦人張良伊分享氣候變遷，點燃台下的鄭宜昀對氣候的關注。後來鄭宜昀出國打工度假，喜歡上各種當時在台灣尚未興起的戶外運動——獨木舟、登山車，在遊山玩水中認識大自然。直到開始滑雪，他才驚覺雪期會越來越短。
疫情期間，鄭宜昀回到台灣，看到新聞報導台灣曾有雪場；看過南方四島國家公園水下漂亮照片，他自潛時卻只剩下珊瑚大白化；去日本北海道滑雪，雪季由以往的3、4月結束，變成2月底已沒雪，但3月又迎來強降雪，再後來已是一堆雪崩、山難的消息。
鄭宜昀於是心想，如果我們不趕快做點什麼，珊瑚礁會不會就像雪場一樣，很快消失？
位於基翬的中度白化列孔珊瑚。圖片來源：海保署提供
去（2024）年多個颱風和強降雨，不少國內登山團都「倒團」取消行程，部分登山業者只能帶團出國。但是帶團出國，也同樣要面對氣候變遷的問題，「國外有很多地方也豪雨成災」，到最後也只能取消。
靠天吃飯的還有潛水業者、登山車業者，「他們說整個暑假一直風災，要不就是（災後）重建，然後又再來颱風，他們等於沒飯吃。」
當氣候變化越來越急速，甚至影響地形，前人的經驗不再合適，鄭宜昀舉例說明，比如過去需要帶冰爪上去的地方，現在都變成岩石，「難度提高、更難預測」，而像是攀岩、高空走繩等運動用的繩索，也為了避暑越架越高，「風險也更高」。
鄭宜昀認為，氣候變遷沒有一定規律，它改變了一般人的認知與常規，「你要變得比以前具更多能力、準備更多東西，才能應對更高風險的戶外運動。」
2022年尼莎颱風為該年災情最嚴重，降雨集中在北北基宜與花蓮地區，宜蘭縣內台7線及台7甲線省道受損嚴重，宜蘭明池山莊一度成為孤島。照片來源：宜蘭縣消防局提供
素人邁出第一步
氣候變遷對戶外運動愛好者來說，近在咫尺又遠在天邊，該如何引起大家的關注與討論，一直是鄭宜昀努力的方向。他記得到日本打工度假時，曾在日本POW分部當志工，看到他們去很多雪場外擺攤、談氣候變遷，也會透過雪場教練與民眾講解多年來看到的環境改變，呼籲大家立即行動。
「那時我深深的被打動，覺得氣候變遷不是離我很遠的事。」鄭宜昀於是想到，不如在台灣成立POW分部，於是寫信給美國總部，但一直沒收到回音。
台灣青年氣候聯盟創辦人張良伊在國際環保組織350工作，他建議鄭宜昀不妨先以POW Taiwan名義辦活動，並參加
350
線上環境課程與培訓營，之後再把成果分享給國外POW團隊。
「2023 POWER UP回到未來大遊行」在台北101舉行，主打第一場戶外人的氣候遊行。資料照片。攝影：那滈
鄭宜昀在2024年舉辦「回到未來大遊行」，參加者均是來自戶外運動社群。圖片來源：POW Taiwan網站
2023年底，鄭宜昀發起「回到未來」的
氣候變遷遊行
。他覺得身邊朋友對環團「有一種距離感，不會覺得是很好玩的事情」，所以他預想形式要歡樂如嘉年華，也透過一些戶外運動KOL做宣傳。
第一次辦大型街頭活動，鄭宜昀沒有申請路權、辦遊行的行政流程經驗，只能自己摸索，並透過跟戶外品牌和環團合作去學習。
去（2024）年再辦回到未來大遊行時，參加者均是來自戶外運動社群；他也在不同講座活動中宣傳遊行活動，招來不少志工。
正因為辦了兩年遊行，鄭宜昀的努力被看見。日本POW把他引薦給美國POW總部，他這才真正成為
台灣POW
的「代理」。
環境議題倡議者的無力與積極
鄭宜昀身為倡議者，偶爾會感到無力。以最近重啟核三公投為例，他把反核資訊貼到個人臉書，但他觀察，大眾沒法理解再生能源、核能的討論，比較在乎這個月會不會發薪水、旺季會否缺電。「像環境倡議，我們都是少數。」
鄭宜昀連續兩年發起關注氣候變遷遊行。圖片來源︰POW Taiwan網站
但是，他還是保留一份樂觀。最近他開始辦氣候變遷與運動相關的
講座
，一開始他也擔心會關心這個議題的人不多，但每場報名人數還是超過場地可以容納的人數。他從每次的講座裡更感受到戶外人對氣候變遷議題的關心。
從辦講座的經驗裡，他留意到最積極關心氣候變遷議題的是媽媽們，「他們本身不從事戶外運動，但他們的小孩會，他們希望給小孩一個很棒的大自然。」他認識了一位年輕媽媽，現在一起規劃校園巡迴親子講座，讓這位媽媽也學習當一個關心氣候議題的倡議者。
世界很速食，有些人會考慮要有即時效果才願意付出。鄭宜昀覺得，即便每個人力量再微小，在能力範圍內做點事，總比站在原地、看著世界毀滅更好。
想寫一份台灣版氣候變遷下戶外運動風險報告
今年6月，鄭宜昀正式向內政部申請成立「台灣守護我們的冬天協會」（POW Taiwan），並籌備會員大會。協會需要資金營運，他參考國外的POW，招募個人及企業會員並募款。
與此同時，他亦開始籌劃他的未來。
2022年，美國POW發表一份
研究報告
，點出氣候變遷下越野跑、登山車、徒步登山等戶外活動的潛在風險，鄭宜昀也想寫一個台灣版本，正在與各個單位與研究機構接洽。他又想著，2026年是台灣地方選舉，POW Taiwan可收集戶外社群對氣候變遷的聲音，提出無黨派的政見遊說地方參選人支持守護台灣氣候環境與土地。其他時間還可以把民眾帶到戶外做串連。
「我覺得現在有點像創業了。」
鄭宜昀想起有次演講關於去極圈五日四夜長征，台下觀眾問他這趟旅程對他改變了什麼？他說：「與其說改變，我更堅信我是走在氣候倡議的路上，想保護那片即將消逝的景色。」
「如果我對這東西有熱情，我會不顧一切去做。」他說。
2024年的「回到未來大遊行」，走繩維度的創辦人在現場分享近年在國外觀察到的地形變化問題，導致高空走繩風險變高。圖片來源：POW Taiwan網站
延伸閱讀
上百名「戶外人」呼籲抗暖化 首次集結台北101前遊行
學校沒有教的氣候變遷課！ 「氣候共學堂」露天開講 老中青都到齊
當雪國漸暖 北京冬奧首度靠100%人造雪撐場 多數冬季運動恐「瀕危」
相關文章
澎湖150隻黑面琵鷺過境創新高、冰島首度發現蚊子、英國科學家培育出抗豬瘟品種豬隻
2025/10/23
能源業務首度脫離產業 韓國新「氣候能源環境部」如何走出四難困局？
2025/10/22
恆春半島又現狂犬病鼬獾、研究指美肉類消費碳排直逼化石燃料、賽普勒斯野貓氾濫成災
2025/10/22
強風揚塵雲嘉南空品一度「紫爆」、新北動保處成功孵化黑眉錦蛇、全球暖化讓北海道成為葡萄酒產區
2025/10/21
川普祭關稅、簽證威脅 全球海運碳費延後一年再議
2025/10/20
中山大研究揭颱風幫海洋深呼吸、風神過境菲律賓釀8死、美國蓋資料中心引發鄰避效應
2025/10/20
氣候變遷
台灣新聞
戶外運動
風災
作者
袁慧妍
喜歡上山下海。從山山水水裡看見別人，也看見自己。"
https://e-info.org.tw/taxonomy/term/5,7,沈可尚《我在荒野做了一場夢》的生命哲思：在等待與偶遇之間，學習人與自然的距離,https://e-info.org.tw/node/242090,2025-09-08 11:15,"生物多樣性
台灣新聞
紀錄片
生態攝影
亞馬遜
荒野
作者
蕭紫菡
蕭紫菡，政大新聞系畢，現任《環境資訊電子報》、《故事：寫給所有人類的歷史》、《50+plus》、《人物誌》等特約記者，悠遊於文字與劇場之間。"
https://e-info.org.tw/taxonomy/term/5,7,立委提案國家公園禁再生能源 國家公園署怎麼說？,https://e-info.org.tw/node/242083,2025-09-05 17:58,"台灣新聞
立委提案國家公園禁再生能源 國家公園署怎麼說？
2025年09月05日
環境資訊中心記者 袁慧妍報導
分享到Facebook
分享到Line
分享到Twitter
環境資訊中心記者 袁慧妍報導
8月29日，國民黨立委翁曉玲提兩個
修法草案
，禁止國家公園設再生能源設備，其中通殺性禁光電板引發爭議；此外，民眾黨團亦提案要求國家公園、濕地等設光電要經過環評。《環境資訊中心》詢問國家公園署對提案的立場，一星期後收到簡短回覆，回應七個問題。
玉山國家公園大分山屋。圖片來源︰國家公園署提供
問︰國家公園使用再生能源設備如光電，是否必要？
答︰國家公園山屋多數地處偏遠且供電困難，於既有設施上適度使用小型再生能源設備，可在降低環境衝擊下提升服務品質，比如照明、通訊等。
問︰高海拔生態敏感區，除了太陽光電，當初還評估過哪些能源選項？其他選項為什麼可行或不可行？
答︰山屋的供電僅支援山屋、山友的基本運作，並非對外發電；設置太陽能光電板在山屋屋頂，為供電的較佳選擇。
問︰近年登山活動盛行，目前急難救助設施或通訊設備，其供電來源分別有哪些？
答︰台灣因地質破碎造成地形艱困，加上運補有限制，又須兼顧環境保育等因素，電力供應時常受限。因此推廣「負責任登山」的概念，請民眾自行攜帶行動電源（Power Bank），作為個人裝置用電必備裝備。惟以經營管理角度出發，遭遇急難救助需求時，必須仰賴充足的電力，才能掌握時效性（通訊不中斷）與可靠性（醫療器材用電）。
問︰根據提案，使用直接燃燒廢棄物之發電設備及非小水力發電之水力發電設備則不會被禁止。這兩種發電方式在國家公園可行嗎？
答︰減少使用對自然生態系統和景觀造成衝擊之發電設備，可維護國家公園的環境。
問︰預測國家公園未來供電的困境與解決措施、是否有新的供電方式正測試或研發中？
答︰因應氣候變遷，隨著科技的發展，倘有適合的供電方式，且可維護國家公園環境，未來可考量納入使用。
問︰若國家公園設光電板須過環評，國家公園署是否同意？未來有什麼設光電板的計畫、以及預視或將遇到什麼困難？
答︰合宜利用遊客中心或相關廳舍屋頂、停車場等現有設施設置再生能源設備，提供自用的乾淨能源，有助減碳，主要目的並非設置太陽能光電板，亦非大規模發展再生能源發電。
問︰委員提案前有否向國家公園查詢提案內容的可行性？有否向署方提出過為何想修法？
答︰立委係依其權責提案修《國家公園法》第13條，新增國家公園區域內禁止設置《再生能源發展條例》第3條第1項第11款所定之再生能源發電設備。
延伸閱讀
藍白三修法阻國家公園設光電板 地政學者批翁曉玲「通殺型」立法
玉山國家公園山屋升級 攜手大東電導入太陽能光儲設備
環境部加嚴光電環評標準 卻放寬小水力免環評
相關文章
花蓮太魯閣燕子口堰塞湖形成滿一週 將降挖解危機
2025/10/23
「沒有光害的星空」當觀光賣點更爭取國際認證 拉拉山週末辦暗空慶典
2025/10/22
柏林百年啤酒廠變身共享空間 位在古蹟上的合作社
2025/10/17
馬太鞍溪堰塞湖潰壩後：生存、生計、生活
2025/10/17
用泛舟阻止伐木 斐濟生態旅遊公司屹立20年，如何賺到錢又贏得社區信賴？
2025/10/14
馬太鞍溪堰塞湖潰壩之後 紅色警戒持續中
2025/10/13
土地利用
能源轉型
台灣新聞
國家公園
作者
袁慧妍
喜歡上山下海。從山山水水裡看見別人，也看見自己。"
https://e-info.org.tw/taxonomy/term/5,7,名間焚化爐月底將環評 環說書研究焚化廠對周邊茶園影響,https://e-info.org.tw/node/242076,2025-09-05 17:29,"污染治理
南投
台灣新聞
【焚話名間】
焚化爐
茶葉
食安
戴奧辛
深度低碳新聞
作者
陳昭宏
探索矇矓中開展的世界、滲透身體的網，與身體和環境結盟，共同行動。"
https://e-info.org.tw/taxonomy/term/5,7,綠島朝日園區重新招商 開發基地有哪些保育類物種？ 污水處理跟得上嗎？,https://e-info.org.tw/node/242051,2025-09-05 17:03,"台灣新聞
綠島朝日園區重新招商 開發基地有哪些保育類物種？ 污水處理跟得上嗎？
2025年09月05日
環境資訊中心記者 袁慧妍報導
分享到Facebook
分享到Line
分享到Twitter
環境資訊中心記者 袁慧妍報導
綠島朝日溫泉、旅客服務中心及紫坪露營區16年營運權
將於2025年底結束
，交通部觀光署8月底發布「綠島朝日度假園區興建營運移轉（BOT + ROT）案」招商文件，確認新開發案將建附設早餐，且有24小時櫃檯服務的三星級旅館；露營區則正在申請解除面積達36%的保安林。
綠島生態豐富，曾記錄到珍稀保育類甲蟲及魚類。中研院學者稱，「未來如果開發，這一區（南岬）是一個新興的壓力來源，可能會讓綠島整體的人為活動風險指數升高。」環團則指出，綠島污水處理不足7.5%，觀光人流帶來的污水問題會影響水下生態，亦認為露營區涉及保安林的地方不應解編。
綠島朝日溫泉。圖片來源︰自然環資／周諾恆攝影
爭議聲中啟動招商 保安林將解編
綠島南岬地區包括朝日溫泉、旅客服務中心及紫坪露營區，年底約滿結束，並將易名為「綠島朝日度假園區」重新招商。《環境資訊中心》8月曾
報導
新開發案的四大爭議。
交通部觀光署8月27日釋出興建營運移轉（BOT + ROT）案招商文件，確認新開發案的基本規範，包括在朝日旅遊服務中心興建三星級旅館，提供24小時櫃檯服務，並設有供應早餐的餐廳，房間數至少30間。紫坪露營區須至少有FICC國際露營協會2星級營地標準，提供至少6個營位、每一營位面積至少100平方公尺，且須供應每人每日30公升飲用水作烹飪、洗滌，以及等量之一般用水作衛浴或其他用途。營區會有洗衣槽及清潔碗盤的洗滌槽，亦須有廢棄物污水處理。
不過，觀光署並無要求建物裝置再生能源發電設備，亦無要求辦理節能減碳檢核作業，但興建營運單位應依行政院公共工程委員會「
公共工程生態檢核注意事項
」規定落實生態檢核。
執行機關現正辦理都市計畫變更、朝日溫泉及紫坪露營區既有地上物資產報廢，與紫坪露營區保安林解編作業。紫坪露營區用地範圍有5.14公頃，現送審保安林解編範圍有1.87公頃，約占36%。
綠島朝日度假園區興建營運開發基本需求。圖片來源︰擷取自招商文書投資契約草案
本案興建及營運期共35年，代表民間機構可營運至2060年。興建營運單位須承諾，每年至少保留因營運所需聘用勞工人數一半，以同一條件優先聘僱設籍於台東縣縣民，而其中至少20%應設籍綠島鄉。簽約後五年以上可檢討是否變更，如發生營運方違約，觀光署有權終止契約，若情事重大亦可強制接管。
相關招商文件公開閱覽期至9月10日，民眾陳述意見期限至12日。
綠島朝日溫泉、旅客服務中心。圖片來源︰自然環資。攝影：周諾恆
紫坪曾記錄到珍稀保育類甲蟲及魚類
《環境資訊中心》訪問到綠島居民小葉。小葉曾參與協助中央研究院的綠島長期社會生態核心觀測站，他擔心貿然開發會帶來各種不能逆轉的環境傷害，質疑新開發案招商前，為何沒有進行開發基地相關的獨立海陸域生態調查？更無評估整體生態承載量、綠島旅客總量管制等公開資訊供公眾參考。
綠島生態豐富，據2023～2024年東海岸熱門潛點
海域生態調查
顯示，紫坪1號潛點由於食物充足、且較少潛水員驚擾，是綠島最容易見到台灣海洋保育物種「
隆頭鸚哥魚
」大型個體的潛點；附近海域亦是雙髻鯊繁衍處所「滾水鼻」。此外，水層淺處時常有大洋性洄游性魚類經過，常見的有鰹魚，有時亦會見到國際自然保育聯盟（IUCN）紅色名錄的近危物種黃鰭鮪。
觀光署表示，東部海岸國家風景區管理處（東管處）自2016年起，開始辦理綠島全島各潛點海域生態調查，2020年起辦理陸域重點關注物種（包括陸蟹、昆蟲、哺乳類、植物等）生態調查。
紫坪1號潛點物種。圖片來源︰擷取自2023~2024年東海岸海域熱門潛點與影像拍攝計畫成果報告書
2021年紫坪曾
記錄
到列入台灣紅皮書的7種易危物種，包括
早田氏爵床
、
濱當歸
、
蘭嶼土沉香
、
蘭嶼木藍
、
蓮葉桐
、
象牙柿（又名象牙樹）
及
蔓榕
。紫坪亦是濱海昆蟲與哺乳類動物的良好棲地。2021年記錄到珍貴稀有保育類
碎斑硬象鼻蟲
，數量雖不多，但每季調查都有零星個體紀錄；同為珍稀保育類
小圓斑球背象鼻蟲
，在台灣僅分布於綠島及蘭嶼，在紫坪亦曾有紀錄。
此外，農業部林業及自然保育署台東分署於2021~2022年委託社團法人台灣蝙蝠學會及特有生物研究保育中心（現生物多樣性研究所）執行「綠島地區台灣狐蝠分布、數量調查及其重要棲地研究」時，亦在紫坪發現山羌及白鼻心等物種。
林保署台東分署曾委託生多所進行台灣狐蝠研究，在紫坪用自動相機及薛曼氏陷阱調查過哺乳動物，發現山羌、梅花鹿、白鼻心、赤腹松鼠、貓是主要發現的物種。圖片來源︰林保署提供
綠島生態系統服務評估 學者憂開發恐成新的壓力來源
在綠島執行長期社會生態研究 （Long-term Social-Ecological Research, LTSER）」核心觀測站計畫的中央研究院環境變遷研究中心助研究員袁美華，過去三年收集數據和訪談，同時進行綠島生態系統服務評估，初步發現南岬地區人為活動造成風險潛勢與自然環境危害潛勢屬中等；漁業供應（水下魚類豐度）屬中高等；文化生態系統服務則屬中低等。他建議中等風險的區域，需有較高強度的人為活動管理。
袁美華說明，目前綠島有五種由人為活動造成的壓力來源：一是觀光人潮和旅館民宿帶來的污水，現在只有一個功能有限的污水自然淨化設施設在中南寮，無法妥善處理；第二是當極端氣候事件，比如颱風導致淹水發生時，暫置垃圾會成為周遭及海域環境的潛在壓力來源；第三是捕魚活動帶來的捕撈壓力；第四是海上活動如浮潛；第五是港口進出帶來的污染。
他指出，「未來如果開發，這一區（南岬）是一個新興的壓力來源，可能會讓綠島整體的人為活動風險指數升高。」同時，這些人為活動造成的壓力與文化生態系統服務會有相互影響，他提到經過妥善規劃，高強度的開發可能會帶來一些好處，像是增加文化生態系統服務，「但是相應帶來的人為風險潛勢，應該要被同時討論。」
袁美華透過綠島生態系統服務評估模型，初步分析南岬地區有中等人為活動風險潛勢及中等自然環境危害潛勢。圖片來源︰袁美華提供
來綠島旅遊，通常不會只到朝日溫泉或露營區遊玩，一個基地的開發，將會凸顯整個島的能源使用問題。袁美華在過去綠島居民的訪談裡，發現居民擔憂停電問題，「每次颱風來大概都跑不掉」，加上旺季的用電更高，若有大型旅館進駐，或朝日溫泉開發，都需要更多能源，便可能會對當地造成壓力。再者，綠島環島公路現在也還有問題未解決，比如廁所數量不夠、迴轉空間不足等。
袁美華表示，居民對朝日溫泉很有感情，在訪談中會憶述小時候家中長輩帶他去泡湯的回憶，朝日溫泉是在地民眾連結情感的重要節點，「當地人對東管處也有蠻深的誤解，有多位當地居民認為應該把它要回來，還給綠島人。」
居民理想中的朝日溫泉，是維持以前綠島純樸的人與自然環境相處和諧模式，而非由政府介入、委外經營，「他（東管處）還需要更多當地溝通，現在這個（招商）看起來缺乏在地知識及情感連結的元素的納入，這可能會引起民眾對政策與政府的不信任。」
中央研究院環境變遷研究中心助研究員袁美華有份在綠島執行長期社會生態研究 （Long-term Social-Ecological Research, LTSER）」核心觀測站計畫。攝影︰袁慧妍
環團︰綠島污水處理率僅7.5% 籲停止解編保安林
自然保育與環境資訊基金會海洋及海岸守護專案執行周諾恆指出，綠島現在仍有民宿需使用含菌量超標百倍的地下水，垃圾堆放於海邊等待運外處理，污水處理率更是極低。據台東縣府《
113年度台東縣污水下水道系統執行概況
》顯示，綠島沒有任何公共污水下水道，污水處理率只有7.47%。
他引用監察院2024年針對小琉球過度發展觀光、保育不力發出
糾正案
，
稱旅客過多所造成的污水，將對敏感的珊瑚礁生態帶來嚴重破壞。周諾恆認為，台東縣府與觀
光署應殷鑒前車，而非重蹈覆轍。除了垃圾與污水，遊憩行為、車船航行、燈光噪音等人為活動，都會對海陸生態造成衝擊。「濫建海景第一排，可能於短期內能吸引旅客、以量取勝；但綠島豐富而敏感的生態還能承受多少衝擊？」
他建議露營區應回復森林原貌、不應繼續作營運使用，更呼籲東管處停止申請保安林解編，林保署應拒絕解編；朝日旅遊服務中心與朝日溫泉維持現有使用方式，其他餐飲旅宿應留在已相對高度開發的南寮、中寮等聚落。
東管處本向林保署申請3.1公頃、逾六成紫坪露營區保安林面積解編，但涉及到林木生長，林保署建議按實際使用面積再作申請。現招商文件中改為1.8公頃，但保林署尚未收到東管處最新申請資訊。圖片來源︰擷取自觀光署招商文書
觀光署此前發布的綠島南岬地區可行性研究裡，已
評估
開發基地絕大部地方不須經環評及海審會。
周諾恆
指出，
只有仰
賴政府機關依據各保育法規，劃定保護區，重要棲地才能受到審查、保護，「離島觀光政策需要通盤檢討，東部觀光更應該進行政策環評。」
延伸閱讀
綠島會變下個小琉球？ 「朝日度假園區」新開發案 換人經營、四大爭議一次看
離島給本島的啟示，從珊瑚保育到能源自主——【LTSER綠島站】
保育類椰子蟹家族現蹤綠島 生多所：台灣首筆完整紀錄
綠島珊瑚大白化後回復平穩 陸域發現稀有植物「蘭嶼牛栓藤」
相關文章
《山與林的深處》：台裔環境歷史學家的尋鄉之旅
2025/10/24
澎湖150隻黑面琵鷺過境創新高、冰島首度發現蚊子、英國科學家培育出抗豬瘟品種豬隻
2025/10/23
恆春半島又現狂犬病鼬獾、研究指美肉類消費碳排直逼化石燃料、賽普勒斯野貓氾濫成災
2025/10/22
強風揚塵雲嘉南空品一度「紫爆」、新北動保處成功孵化黑眉錦蛇、全球暖化讓北海道成為葡萄酒產區
2025/10/21
紐西蘭的「Tuna」秘密：毛利餐桌上，鰻魚面臨生存危機
2025/10/21
石花凍、石頭厝、瀕危植物海米 台灣極東走讀暨海岸守護行動
2025/10/17
生物多樣性
海洋
土地利用
綠島
台灣新聞
朝日溫泉
紫坪露營區
BOT
ROT
作者
袁慧妍
喜歡上山下海。從山山水水裡看見別人，也看見自己。"
https://e-info.org.tw/taxonomy/term/5,7,天母古道夜觀探索 在手電筒燈光下照亮環境守護的心意,https://e-info.org.tw/node/242061,2025-09-05 14:48,"台灣新聞
天母古道夜觀探索 在手電筒燈光下照亮環境守護的心意
2025年09月05日
環境資訊中心記者 張宸瑀報導
分享到Facebook
分享到Line
分享到Twitter
環境資訊中心記者 張宸瑀報導
8月9日傍晚，太陽剛西沉，一場夜間生態環教健行在天母古道正要展開。
自然保育與環境資訊基金會（簡稱自然環資）此次攜手伊頓飛瑞慕品股份有限公司，邀請台北城市狩獵TPHA Ecotourism講師鍾咏慶與蕭世祥帶領企業員工及家屬，以「森山大海，伊起守護」年度計畫為主軸，串聯森林繪畫想像與夜間實地健行，在互動與體驗中認識淺山生態，進而理解積極保護環境的重要性。
趕在夜幕落下前眾人合影。攝影：張宸瑀
活動一開始，講師引導大家動筆畫出心中的「森林的樣子」。起初學員略顯害羞，但對森林的嚮往很快在畫紙上躍然開來——有人畫上黑貓、茂密的樹根與樹洞，也有在天空翱翔的老鷹與蜻蜓，地下更藏著蟻窩與四條蛇！而孩子們喜愛的寶可夢、派大星也現身其中，綠意與生命交織的畫面繽紛童趣。經過講師分享在地生態與動物知識，讓大家都更期待接下來的夜觀呢！
學員介紹大家一起畫下的熱鬧森林。攝影：黃育文
夜觀過程中，儘管學員懷抱著興奮心情，但仍記得講師叮嚀——手電筒只照亮腳下的路，輕聲不驚擾，專注以五感探索森林。天氣陰涼舒爽，古道旁的水道沁涼清澈，棲息著原生種米蝦等待我們凝神尋找；沿途生態相當豐富，學員陸續發現肥碩的千足蟲、異藍體色的宮崎式澤蟹，以及拉都希氏赤蛙、班腿樹蛙、福建大頭蛙等多種蛙類，更親自以指尖與背部觸感乾燥凹凸的盤古蟾蜍與黑眶蟾蜍互動。
打開五感，夜間生態之美令人屏息。攝影：黃育文
活動中最令人印象深刻的，是與大赤鼯鼠的相遇。在踩著幽暗步道深入森林的路上，眾人一直能聽到牠遙遠的叫聲，豎耳傾聽卻遍尋不著蹤影；但就在折返前夕，學員抬頭看向前方挺拔的枯木時，發現一隻赤褐色的渾圓身影，靈巧的在枝條間走動——是大赤鼯鼠！
大赤鼯鼠是台灣特有亞種，雖俗稱「飛鼠」但其實不能真正飛行，而是依靠腕部軟骨特化，以幫助在前後腳之間的皮膜撐開來滑翔，單次滑翔最遠可跨越數十至上百公尺，身姿優雅而安靜，多在樹上活動，主要以樹葉、果實為食，是森林裡的隱身高手。學員們集體仰首屏息，一睹牠展臂滑翔的英姿。
仔細看！台灣體型最大的飛鼠——大赤鼯鼠正準備滑翔。攝影：黃育文
在回程時也巧遇夜觀常客「紅斑蛇」。講師留意動物狀況並降低緊迫，確保人蛇保持安全距離，更透過事先準備的圖片簡報邀請學員辨識頭型，破除「圓頭無毒、三角頭有毒」的迷思，再三強調最重要的安全守則：「只要你不認識牠，就不要靠近牠」。這堂臨場的自然課，不僅消除錯誤認知，更讓人對森林居民懷有敬畏之心。
全體學員一致抬頭，專注觀察與聆聽。攝影：張宸瑀
活動尾聲，講師分享環境被破壞、棲地破碎化的現況，邀請兩組學員交換並撕開彼此的森林圖畫，全場響起不捨的驚呼；當講師提供紙膠帶時，大小朋友立刻團團圍上前，專注地「搶救」森林。
有學員回饋：撕掉並修補森林圖畫的過程非常有感觸，可以讓大小朋友都知道，破壞掉的生態，就算黏了膠帶，還是會留下裂縫。也有學員因為看到不少外來種生物，心疼本土生物的處境，表達心願：「希望可以多多宣導，讓台灣的生物不要越來越稀少。」
親子來同樂的曾先生則分享，帶小朋友認識自然，培養他們對環境保護意識與對野生動植物的不干預，是透過小活動也能專注學習的重要方式；另一名學員更驚嘆「原來夜間生態系這麼豐富！」這些心聲與回饋，充分呈現活動在教育與啟發層面的成果。
我們要搶救森林！正專注用紙膠帶復原森林圖畫的一群大小朋友。攝影：黃育文
藉由這場夜觀活動，伊頓員工不只是行走於森林小徑，而是在互動、觀察與感受中，重新認識身邊的生物多樣性。從畫紙到林道、從驚呼到靜觀，帶走的不僅是一次夜晚的回憶，更是一份將守護自然延續下去的信念——森山大海一齊守護。
延伸閱讀
台灣第一蛇 紅斑蛇
【自然谷之星】飛鼠不會飛  滑翔在樹叢裡的大赤鼯鼠
相關文章
《山與林的深處》：台裔環境歷史學家的尋鄉之旅
2025/10/24
澎湖150隻黑面琵鷺過境創新高、冰島首度發現蚊子、英國科學家培育出抗豬瘟品種豬隻
2025/10/23
恆春半島又現狂犬病鼬獾、研究指美肉類消費碳排直逼化石燃料、賽普勒斯野貓氾濫成災
2025/10/22
強風揚塵雲嘉南空品一度「紫爆」、新北動保處成功孵化黑眉錦蛇、全球暖化讓北海道成為葡萄酒產區
2025/10/21
紐西蘭的「Tuna」秘密：毛利餐桌上，鰻魚面臨生存危機
2025/10/21
石花凍、石頭厝、瀕危植物海米 台灣極東走讀暨海岸守護行動
2025/10/17
生物多樣性
台灣新聞
自然生態體驗
生態工作假期
環境教育講座"
https://e-info.org.tw/taxonomy/term/5,7,今夏經歷最多雨的7月 氣溫較平均值低0.2℃ 氣象署：仍在暖化情勢內,https://e-info.org.tw/node/242069,2025-09-04 17:33,"台灣新聞
今夏經歷最多雨的7月 氣溫較平均值低0.2℃ 氣象署：仍在暖化情勢內
2025年09月04日
環境資訊中心記者 李蘇竣報導
分享到Facebook
分享到Line
分享到Twitter
環境資訊中心記者 李蘇竣報導
今（2025）年夏季豪雨連連，氣象署統計，今年7月是1951年以來降雨最多的7月，7～8月的雨量也是歷來同期次高。7月均溫則比氣候平均值低了0.2℃。氣象署提醒，雖然均溫偏低，但長期來看我們仍處於暖化情勢中，氣候變遷之下，未來會更常遇到各種「破紀錄」的現象。
豪雨成災，以中南部災情較為嚴重。圖片來源：高雄市長陳其邁臉書
創紀錄 降雨最多、日照最少的7月
今年夏季雨勢不斷，7月時接連有颱風與西南氣流來襲，
中南部及花東地區多地積淹水、基礎設施遭破壞，部分災區尚未復原。根
據氣象署統計，7月各地平均累積雨量為767毫米，比氣候平均值的235.3毫米多出三倍，是1951年至今雨量最多的7月；同時，因為降雨天數多、雲量多，也成為歷來日照最少7月。
氣象署預報中心副主任黃椿喜說明，除了7月破紀錄，整體來看今年7～8月降雨量989.3毫米，是歷年同期次多，日照時數333.4小時，是歷年次少。
黃椿喜解釋，今年剛好遭遇罕見的季風槽偏強跟強盛西南風影響，台灣處在一個大低壓帶，加上今年西太平洋海水溫度特別高，使得颱風、熱帶低壓等不穩定的情況更容易發生。
黃椿喜說明，今年夏季降雨以中南部地區最顯著，主因為受颱風路徑影響，
今年侵台颱風都屬於氣候分類上通過中、南部，向西或西北移動的
第三、第四類颱風
；再
加上西南氣流影響的區域本來就是中南部為主，才導致這波降水集中在中南部。
今年7～8月受到颱風低壓與西南氣流接連影響，降雨量相當可觀。圖片來源：氣象署提供
夏季均溫比平均值低0.2℃ 專家：仍在暖化趨勢中
因為降雨多、日照少，7～8月的平均氣溫也偏低。黃椿喜解釋，通常夏季晴天多的時候溫度就會高，但
今年
雨雲量多，日照指數偏少，導致氣溫比氣候平均值低了0.2℃。
不過，黃椿喜強調，目前還是處在暖化趨勢之中。他舉例，歷來降水最多、日照最少的是1972年，當年降雨量高達1035毫米、日照時數318小時，當年溫度較氣候值下降1.2～1.3℃以上，但今年只下降0.2℃，顯見氣候變遷背景值的影響。
黃椿喜補充，一、兩年短期本來就會有溫度浮動，氣候仍必須以數十年的長期時間統計來看。在暖化的趨勢之下，旱澇差異會更明顯，同時意味著「破紀錄的機率會變高」，可能是雨量破紀錄、高溫破紀錄，也可能是乾旱破紀錄。
查閱氣象署資料顯示，過去三年間，7月均溫變化，2023年7月高於氣候值平均值0.3℃、2022年高出0.5℃，去年7月則高出0.7℃，為歷來同期第五暖。相比今年受到降雨影響，較平均值低0.2℃。
7～8月平均氣溫雨量距平值。圖片來源：氣象署提供
反聖嬰發展 秋季降雨預計仍偏多
展望未來一季，黃椿喜分析，目前熱帶太平洋海溫西暖東冷，反聖嬰現象有發展的趨勢，從過去類似的海氣狀態分析，秋季台灣降雨有偏多的趨勢，且颱風活動區域可能較靠近台灣，但實際影響程度仍待觀察。
氣象署預估，今年秋季台灣氣溫為正常至偏高，雨量較大機率為正常至偏多；颱風發生的頻率接近正常，預估侵台機率也接近氣候正常值。氣象署進一步表示，9、10月仍是西北太平洋颱風活躍期，颱風若伴隨東北季風之共伴效應，會為台灣帶來較大雨勢，請民眾須特別注意。
黃椿喜補充，台灣中南部在10月之後將逐漸進入枯水期，本身降雨的基數就少，即便預測降雨可能偏多，實際上也不會多太多，呼籲各界妥善運用水資源。
延伸閱讀
【圖表看農損】風雨夾擊！ 今年前八個月超過2023年總和 豪雨農損大於颱風？
0728豪雨事件持續一週 累積雨量逼近莫拉克颱風
全球氣候風險指數 30年來80萬人死於極端天氣 環團：災害不會因川普而停止
相關文章
澎湖150隻黑面琵鷺過境創新高、冰島首度發現蚊子、英國科學家培育出抗豬瘟品種豬隻
2025/10/23
能源業務首度脫離產業 韓國新「氣候能源環境部」如何走出四難困局？
2025/10/22
恆春半島又現狂犬病鼬獾、研究指美肉類消費碳排直逼化石燃料、賽普勒斯野貓氾濫成災
2025/10/22
強風揚塵雲嘉南空品一度「紫爆」、新北動保處成功孵化黑眉錦蛇、全球暖化讓北海道成為葡萄酒產區
2025/10/21
川普祭關稅、簽證威脅 全球海運碳費延後一年再議
2025/10/20
中山大研究揭颱風幫海洋深呼吸、風神過境菲律賓釀8死、美國蓋資料中心引發鄰避效應
2025/10/20
氣候變遷
台灣新聞
天災
颱風
強降雨
極端天氣
高溫
深度低碳新聞
作者
李蘇竣
生在台灣，活在台灣，我們都是山與海的子民。"
https://e-info.org.tw/taxonomy/term/5,8,新世代的太陽能技術「鈣鈦礦」可室內發電、全回收 台灣有哪些自主量產優勢,https://e-info.org.tw/node/242052,2025-09-04 09:14,"台灣新聞
新世代的太陽能技術「鈣鈦礦」可室內發電、全回收 台灣有哪些自主量產優勢
2025年09月04日
轉載自Reccessary；文：莊閔茜
分享到Facebook
分享到Line
分享到Twitter
轉載自Reccessary；文：莊閔茜
第5屆台灣鈣鈦礦技術暨應用論壇20日於長庚大學舉行，探討國內外鈣鈦礦技術發展與應用。攝影：莊閔茜
有別於現今主流的矽晶太陽能，下世代太陽能技術「鈣鈦礦」（Perovskite）憑藉可撓柔性、透明可染色及弱光發電等特性，應用範疇更加多元，鈣鈦礦太陽能候車亭與智慧路燈已在日本
大阪世博會
亮相。台灣鈣鈦礦研發及產業聯盟理事長陳來助指出，2025年將是鈣鈦礦太陽能技術突破與商業應用交會的關鍵一年。
可室內發電、透明可撓，鈣鈦礦太陽能應用百花齊放
近年來，鈣鈦礦太陽能技術迅速崛起。自2004年科學家首次發現其光電潛力以來，轉換效率已從當時的3.8%大幅躍升至26%以上。與傳統矽晶太陽能相比，鈣鈦礦具備室內弱光發電、可應用於曲面與透明染色設計、全回收等優勢，應用場景更加多元，涵蓋自供電設備、建築整合、農電共生、車用、顯示器及醫療X光感測等領域。
中央研究院研究員郭宗枋指出，鈣鈦礦技術之所以發展快速，除了光電應用外，還能跨足汽車、顯示器及醫療檢測等市場，成為多個產業高度關注的技術。
陳來助指出，鈣鈦礦太陽能發展已形成「三大賽道」：國家投入、轉換效率、應用場景。截至今（2025）年8月，全球已有超過15個國家積極投入研發，中國率先進入GW級（百萬瓩）量產，韓國、美國、英國、日本、澳洲等地也持續加碼投資商業化，台灣鈣鈦礦科技（TPSC）則啟用新產線「水星二號」。
在轉換效率方面，陳來助指出，矽晶太陽能已接近物理極限，未來鈣鈦礦技術將具備更高潛力，預計明年可達到26%的商業化效率，並有望在2030年提升至30%。
此外，歐美市場正興起「電子標籤」，但傳統電子標籤使用的鈕扣電池，每隔幾年就需要更換，且回收率僅43%，僅2024年歐洲就有約1億顆鈕扣電池遭丟棄。陳來助指出，鈣鈦礦太陽能在此具有明顯優勢，「室外裝置太陽能應用需克服建築法規，市場也以客製化為主，但室內光電就是一般電子設備，鈣鈦礦太陽能壽命長，可取代不可回收的電池應用。」
目前鈣鈦礦太陽能在台已有實績。攝影：莊閔茜
陳來助：台灣面板、光電供應鏈強，有助鈣鈦礦自主量產
鈣鈦礦太陽能應用範圍廣，可以設置在傳統太陽能板無法建置的地方，TPSC行銷業務處長辛健智表示，除了在日本大阪世博會展出應用案例外，日本積水化學也自6月起，在神戶機場跑道旁啟動測試計畫，將鈣鈦礦太陽能與防潮布結合，驗證軟性太陽能的實際應用。
台鈣科6月也在中科管理局零碳建築裝置「
鈣鈦礦太陽能窗
」，僅需3小時有效日照即可達到100%自供電，一年可減少約1557公斤碳排放，相當於東京往返台中六趟航班的碳排量。辛健智補充，TPSC自去年5月起積極準備量產，截至8月已穩定製出2000片以上鈣鈦礦模組，良率達92%，並導入人工智慧（AI）管理系統，可即時監控各製程站點，快速反應與提前預警。
辛健智指出，傳統太陽能板多裝置在屋頂、地面等水平面，鈣鈦礦太陽能則可裝置在窗戶、外牆等「垂直型」，因此除了電池芯品質，模組表面是否平整均勻同樣關鍵，以確保透過「鈣鈦礦太陽能窗」仍能清晰看見戶外景色。
陳來助看好台灣市場潛力，認為全球鈣鈦礦產業正呈現 「非紅色供應鏈、自主供應量能」與 「全球光電需求大」兩大趨勢。他指出，依據目標，2030年全球太陽能裝置容量將達1000GW，市場需求仍將再翻倍增長，產業發展空間大。
台灣具備颱風、地震等高風險環境所累積的工程經驗，陳來助表示，台灣太陽能結構可說是世界頂尖，且藉由完善太陽能跟顯示器產業，已經具備強大供應鏈，再加上鈣鈦礦是人工製造，不像矽晶需要採礦，有高機會可以輸出國際。
※ 本文經授權轉載自《RECCESSARY》，原文標題〈
鈣鈦礦太陽能迎應用元年，台灣自主量產有哪些優勢？專家點出2大產業動向
〉，文：莊閔茜。不適用CC共創授權條款
RECCESSARY｜延伸閱讀
太陽能板有毒、易起火還會致癌？破解4個常見光電誤解與迷思
台灣光電業如何跨越3大阻礙？從生態光電到跨海拓展，產業專家剖析突圍策略
延伸閱讀
Google看上「二氧化碳電池」 製造成本低、不依賴鋰、長時間儲能
台電低碳電力產品開賣 「RE30」怎麼買？ 三大QA一次看懂
用500℃的沙子儲熱 全球最大「沙電池」不須採礦還能減碳排
相關文章
DAKA再生資源利用中心正式啟用 台泥如何轉廢為能？
2025/10/23
台灣第一份無碳電力報告：2030年可滿足全國5%用電使用八成CFE
2025/10/22
「購車現實」卡在哪？ SMAT：今年電動機車市售比僅6.8% 民眾盼補助直達消費者
2025/10/20
中山大研究揭颱風幫海洋深呼吸、風神過境菲律賓釀8死、美國蓋資料中心引發鄰避效應
2025/10/20
稀土成美中貿易戰場 對全球與台灣影響一次看
2025/10/20
英國地下鹽穴重回能源轉型舞台 首座綜合綠氫基地2029年將啟用
2025/10/17
能源轉型
台灣新聞
鈣鈦礦
太陽能
再生能源
減碳
淨零排放"
https://e-info.org.tw/taxonomy/term/5,8,藍白三修法阻國家公園設光電板 地政學者批翁曉玲「通殺型」立法,https://e-info.org.tw/node/242067,2025-09-03 17:24,"台灣新聞
藍白三修法阻國家公園設光電板 地政學者批翁曉玲「通殺型」立法
2025年09月03日
環境資訊中心記者 袁慧妍報導
分享到Facebook
分享到Line
分享到Twitter
環境資訊中心記者 袁慧妍報導
國民黨立委翁曉玲8月29日提出兩個修法草案，要求《國家公園法》及《再生能源發展條例》明確規定禁止國家公園區域內設置再生能源發電設備，引起輿論爭議。翁曉玲在臉書稱提案是「藍白共識」，且原意並非全面禁止小功率且為自用的太陽能發電。而民眾黨團則於同日提案修《環境影響評估法》，要求在國家公園設置光電板要實施環評。三案均已逕付二讀並交付協商。
國立政治大學地政學者戴秀雄向《環境資訊中心》表示，翁曉玲的草案是「通殺型立法」，也會影響一般管制區及遊憩區內民宅設光電自用。
山上取電困難，光電板能為山屋提供自主能源，為山友服務。圖為玉山國家公園大水窟山屋。圖片來源︰國家公園署提供
藍白聯手提三修法草案 阻國家公園設太陽能光電
翁曉玲在兩個修法草案中指出，再生能源設施需要廣闊土地面積，會對地景、生態系統與生物棲地造成不可逆的影響；又指南部地區山坡地因規劃設置地面型太陽光電案場，使山坡地大面積遭到濫墾，嚴重破壞水土保持及引發土石流災害。
翁曉玲提出
修正
《國家公園法》第13條條文修正草案，增訂國家公園區域內禁止設置《再生能源發展條例》定義的再生能源發電設備，但直接燃燒廢棄物的發電設備與非小水力發電之水力發電設備不在此限。此外，他亦提出
修正
《再生能源發展條例》部分條文，增訂「地質敏感區、國家公園及風景區不得設置太陽光電相關設施；政府相關部門亦不得提供補助」。
同日，民眾黨團稱「環境部長期不作為、怠忽職守」， 2025年1月才修改《
開發行為應實施環境影響評估細目及範圍認定標準
》，擴大太陽光電應實施環境影響評估之範圍，但是現行標準仍有漏洞，故提出
修正
《環境影響評估法》第5條，羅列未來須經環評才可設置太陽光電的地方，當中包括國家公園、重要濕地。
翁曉玲《國家公園法》第13條修法草案內容。圖片來源︰擷取自修法草案書件
地政學者︰這是「通殺型立法」
目前台灣有九座國家公園及一座國家自然公園，海陸域累計面積達75萬475.43公頃。國家公園是按現有土地利用型態及資源特性，劃分五個區域作管理，包括一般管制區、遊憩區、史蹟保存區、特別景觀區及生態保護區。
根據《國家公園法》，如涉土地開發、變更使用，或其他須經主管機關許可的事項，必須符合各分區之管制規定，且需得到國家公園管理處許可，若涉及範圍廣大或性質特別重要者，國家公園管理處應向內政部申請核准，並經內政部會同各事業主管機關審議辦理。
國立政治大學地政學者戴秀雄稱，《
國家公園法
》對史蹟保存區、特別景觀區、生態保護區限制相當嚴格，增加設施都要特許；第13條已明訂區域內禁止的行為，是通用性、普遍性的禁制事項，如果再新增禁止再生能源，就會變成「通殺型立法」。
他指出，再生能源種類多，國家公園裡的一般管制區及遊憩區也有民宅，一刀切所有再生能源，影響很大，「為何再生能源必須在國家公園內徹底排除？」
戴秀雄認為立法要有正當性，要設置光電就要許可、進行審查，而非直接禁止，「兩者差非常大。」至於《環評法》修法，要求在國家公園設光電要先進行環評，他表示支持，「環評就是進入許可程序裡執行的，是讓民眾先可以申請，而不是預先全面禁止。」
太魯閣國家公園屏風山屋。圖片來源︰國家公園署提供
翁曉玲稱修法內容將再調整
由於翁曉玲的草案並無清楚說明具體規範對象和範圍，不少山友對禁止在國家公園設再生能源發電的修法草案感憂慮。翁曉玲事後於
臉書
稱，發電功率極小、自用、不對外售電的發電設施，例如在小木屋和氣象站的屋頂上架設的光電板，就不在本次修法適用範圍內，日後草案排審時會再調整修法內容。
國民黨立委翁曉玲。圖片來源：擷取自翁曉玲臉書粉專
事實上，有關國家公園設光電板的爭議非首次發生。2024年9月，內政部擬參考國外國家公園經驗，
規劃
在辦公室、遊客中心等架設太陽能光電板、評估園區內的小型風電機及小型水力發電，打造低碳機關環境。
當時便有國民黨籍立委
質疑
光電可能傷害國家公園生態保育，又指「缺電」主因是失敗的能源政策與發電配比。國家公園署則
澄清
，建置光電板是提供自用的乾淨能源，而非大面積發展光電；該署亦
要求
各管理處設置相關設施前務必仔細評估，避開重要景觀及避免影響遊客的觀賞體驗，以避免或減少對自然環境的影響方式，從而最大限度地利用再生能源。
國家公園法第13條條文修正草案
by
環境資訊中心公共檔案區
再生能源發展條例部分條文修正草案
by
環境資訊中心公共檔案區
環境影響評估法第五條條文修正草案
by
環境資訊中心公共檔案區
延伸閱讀
玉山國家公園山屋升級 攜手大東電導入太陽能光儲設備
環境部加嚴光電環評標準 卻放寬小水力免環評
排雲山莊擴電必要性沒交代  網路登山社群不買單
相關文章
花蓮太魯閣燕子口堰塞湖形成滿一週 將降挖解危機
2025/10/23
「沒有光害的星空」當觀光賣點更爭取國際認證 拉拉山週末辦暗空慶典
2025/10/22
柏林百年啤酒廠變身共享空間 位在古蹟上的合作社
2025/10/17
馬太鞍溪堰塞湖潰壩後：生存、生計、生活
2025/10/17
用泛舟阻止伐木 斐濟生態旅遊公司屹立20年，如何賺到錢又贏得社區信賴？
2025/10/14
馬太鞍溪堰塞湖潰壩之後 紅色警戒持續中
2025/10/13
土地利用
能源轉型
台灣新聞
國家公園法
太陽光電
再生能源
環評
深度低碳新聞
作者
袁慧妍
喜歡上山下海。從山山水水裡看見別人，也看見自己。"
https://e-info.org.tw/taxonomy/term/5,8,枋山陸域風電再開說明會 自救會抗議控違法動工 屏縣府：不同意開發,https://e-info.org.tw/node/242068,2025-09-03 15:35,"土地利用
能源轉型
屏東
台灣新聞
陸域風力發電
風電
楓港溪
伯勞鳥
原住民傳統領域
作者
李育琴
站在南方的土地，用平躺的島嶼歷史視角，說環境與人的故事。炙風拂面，腳踏黏土之時，試著讓心保持冷靜。"
https://e-info.org.tw/taxonomy/term/5,8,新一屆環評委員7續任、3新血 環團批海洋生態專業缺席,https://e-info.org.tw/node/242059,2025-09-03 10:58,"土地利用
台灣新聞
環評委員
深度低碳新聞
作者
鍾依靜
數據是另一種語言。
擅長說話，但喜歡不會說話的山、海、動植物。
The proof of the pudding."
https://e-info.org.tw/taxonomy/term/5,8,人類適合飼養狐獴嗎？ 動保團體提三大問題呼籲禁養,https://e-info.org.tw/node/242060,2025-09-03 09:48,"台灣新聞
人類適合飼養狐獴嗎？ 動保團體提三大問題呼籲禁養
2025年09月03日
整理：吳奇諺（環境資訊中心記者）
分享到Facebook
分享到Line
分享到Twitter
整理：吳奇諺（環境資訊中心記者）
狐獴在近年成為越來越多人喜愛的寵物，農業部近期考慮將狐獴納入「灰名單」，有條件開放民眾飼養，動保司今（3日）將針對寵物分類分級管理召開研商會議。台灣防止虐待動物協會、台灣動物社會研究會昨天發出新聞稿表示反對。他們表示，現有狐獴飼養案例已暴露多重問題，包括環境不當、咬人事件與來源不明，顯示禁養是預防問題擴大的必要措施。
狐獴是高度社會化的野生動物。圖片來源：台灣防止虐待動物協會及台灣動物社會研究會 提供
狐獴擬列「灰名單」 有條件開放飼養
今（2025）年1月，動保司邀集專家團體討論禁止飼養或輸入的動物，依風險評估的結果，將異寵分為禁養、有條件飼養及不受限（黑、白、灰名單）三種。而當時社群網站流傳一份955種擬禁物種的名單，引發異寵飼主與團體不滿，其中的擬禁物種包含狐獴。
動保司當時澄清尚在收集資訊階段
，並未有上路時間表。
在8月的一場會議中，農業部指出，狐獴對飼主具風險性，具逸失、棄養及攻擊人類幼童等風險，且飼養難度大，有棄養可能，建議採高強度管理取代禁養。也就是說，狐獴可能被納入有條件飼養「灰名單」。
出於公共利益、物種保護、動物福利等理由，
台灣防止虐待動物協會、台灣動物社會研究會2日透過新聞稿呼籲，應以
禁養為目標。
動團強調，禁養狐獴是為了保護這一物種並促進負責任的管理，狐獴是高度社會化的野生動物，生活需仰賴群體合作與複雜的社交行為，其生理與心理需求無法在家庭飼養環境中獲得滿足。飼養不僅傷害動物，也威脅公共安全與生態平衡。
許多獨飼案例皆顯示，不當飼養造成狐獴壓力性行為、自我傷害與攻擊傾向，對動物本身及飼主皆構成風險。圖片來源：台灣防止虐待動物協會及台灣動物社會研究會 提供
人類適合飼養狐獴嗎？ 動團指出三大問題
根據動團新聞稿，
狐獴原棲息地在非洲南部的乾旱草原與沙漠地帶，常以多達20～30隻個體組成「族群」（mob）， 牠們的一天幾乎被精確的社會分工與節律行為佔據，從哨兵觀察天敵，到覓食、哺育幼仔，每個成員都有分配的工作與角色。
動團認為，人類飼養狐獴有三大問題。一是動物福利受損：因狐獴與狗貓等經歷長期馴化的動物不同，其核心行為或習性需求不會因圈養繁殖多代而消失。狐獴最核心的自然行為之一便是挖洞，根據研究，狐獴會利用強壯的前肢與銳利的爪子，在沙土中建造多入口的地下洞穴，作為棲息、育幼與防禦的空間。即便在圈養條件下，狐獴依然會表現出強烈的掘洞行為，若人工環境限制了洞穴規模與結構，導致牠們行為受壓抑，並可能出現刻板行為與壓力反應。
第二則是安全風險，動團表示，狐獴有尖銳的牙齒，尤其在保護幼仔或食物時，可能咬傷人類。國外案例便有即使是從小飼養，長到約六個月大，便會有防禦與咬擊的本能行為。
最後是生態破壞的問題。日本沖繩在引入近緣物種——小印度獴（
Herpestes auropunctatus
）後，為控制其對原生物種的掠食影響，耗費近25年及巨額經費才將其根除。
即便在圈養條件下，狐獴依然會表現出強烈的掘洞等自然行為，但許多民眾採用籠鍊養方式飼養狐獴。圖片來源：台灣防止虐待動物協會及台灣動物社會研究會 提供
動團：歐美多個國家禁養狐獴 韓國禁止動物咖啡廳
世界上有多個國家限制、甚至禁止狐獴及其他獴科動物的飼養與展示。新聞稿中舉例，歐洲的比利時、荷蘭、義大利與葡萄牙已明確禁止私人飼養狐獴；丹麥則允許部分展演場所（如動物園）持有，但私人需申請特殊許可，且實際上難以通過審核。美國也有多州嚴禁私人飼養狐獴。
近年流行的寵物咖啡廳，狐獴也成為部分咖啡廳的「招牌」。動保團體指出，由於動物咖啡廳的空間不足、長時間與遊客近距離互動、缺乏專業飼養管理等問題，導致動物承受持續壓力，並提高人畜共通疾病與意外傷害的風險，韓國2023年已正式通過禁止「野生動物咖啡廳」的規範，禁止將野生動物作為商業吸引手段。
動團表示，目前台灣尚無狐獴繁殖與買賣的明確規範，這導致來源不明與非法交易的風險升高。若允許合法飼養，則可能進一步刺激市場，增加嚴重不當飼養的亂象。
延伸閱讀
【禁異寵之亂】嫌麝香豬長太大？浣熊拉肚子？農業部委託工研院訪談揭示異寵飼養六大問題
特寵禁不禁？特寵禁養風波揭開欠缺管理的現況
【生物多樣性的美好日常】珍稀寵物好萌？ 飼養前應三思
相關文章
《山與林的深處》：台裔環境歷史學家的尋鄉之旅
2025/10/24
澎湖150隻黑面琵鷺過境創新高、冰島首度發現蚊子、英國科學家培育出抗豬瘟品種豬隻
2025/10/23
恆春半島又現狂犬病鼬獾、研究指美肉類消費碳排直逼化石燃料、賽普勒斯野貓氾濫成災
2025/10/22
強風揚塵雲嘉南空品一度「紫爆」、新北動保處成功孵化黑眉錦蛇、全球暖化讓北海道成為葡萄酒產區
2025/10/21
紐西蘭的「Tuna」秘密：毛利餐桌上，鰻魚面臨生存危機
2025/10/21
石花凍、石頭厝、瀕危植物海米 台灣極東走讀暨海岸守護行動
2025/10/17
生物多樣性
台灣新聞
寵物
寵物管理
動物福利
外來種
作者
吳奇諺
編輯／旅人／觀察者
走過山與海，願它能永遠美麗。"
https://e-info.org.tw/taxonomy/term/5,8,【圖表看農損】風雨夾擊！ 今年前八個月超過2023年總和 豪雨農損大於颱風？,https://e-info.org.tw/node/242009,2025-09-01 11:45,"台灣新聞
【圖表看農損】風雨夾擊！ 今年前八個月超過2023年總和 豪雨農損大於颱風？
2025年09月01日
環境資訊中心記者 袁慧妍報導
分享到Facebook
分享到Line
分享到Twitter
環境資訊中心記者 袁慧妍報導
颱風丹娜絲7月登陸嘉義，風雨重創南台，後續西南氣流帶來的豪雨，也造成中南部多處水災。風雨無晴也無情，《環境資訊中心》盤點農業部農糧署
2023年至2025年8月
共11次颱風、五次豪雨造成的災情報告資料，分析各縣市的農損總金額
[1]
，發現今（2025）年1～8月全台農損已超越2023年，且南部
[2]
農損比例更逾全台一半。今年7月底的豪雨，農損更超越同年的薇帕、2024年天兔等颱風帶來的單次損失。
距離2025年完結尚餘4個月，中央氣象署8月29日稱，未來一季反聖嬰現象有發展趨勢，預估今年秋季台灣氣溫為正常至偏高，雨量則較大機率正常至偏多。颱風仍有機率侵台，若伴隨東北季風之共伴效應，會帶來較大雨勢。
今年首八個月農損超越2023年 0728豪雨農損大於颱風
根據農糧署2023～2025年8月農損報告資料，兩年多共11次颱風和五次豪雨，造成108.1億元農損。若以年份分析，去（2024）年比2023年的25億元多出逾一倍；今年截至8月底，共三個颱風加一場豪雨，農損金額達29.9億元，就已超過2023年全年農損金額。
若以地理位置分析，中部與南部農損相當，落在39～40億元，東部則為26億元，北部2.2億元。且南部農損的比例增加，從2023年占全台的23.1%，到今年前八個月已提升至51.5%。
颱風下的農損相對嚴重，有三次農損超過20億元，包括2024年凱米（26.4億元）和康芮（20.8億元），以及2025年丹娜絲（20.2億元）。7月丹娜絲造成的災情，南部居民仍歷歷在目。它是
120年以來首個登陸
嘉義的颱風，雲林陣風達17級，台南13級。農損方面，丹娜絲造成南部12.8億元損失，占全台63%；中部則有7.3億，占36%。
丹娜絲颱風是120年來首個在嘉義登陸的颱風，少了「護國神山」中央山脈抵禦，造成全台超過650支電桿、共3座電塔倒塌。。圖片來源：台電提供
豪雨帶來的影響亦不容忽視。五次豪雨中，有四次農損以千萬元計算。2025年
0728豪雨事件
更造成4.3億元農損，比同年的薇帕、2024年天兔、2023年卡努及杜蘇芮颱風的單次損失還要多。中央氣象署
指出
，今（2025）年7月陸續受到颱風、低壓帶及西南氣流影響，降雨時間長、雨量大，創下1951年以來7月份雨量最多的紀錄。
全台農田損失416公頃  南部占一半
單看農損金額，前五個受影響縣市為台東縣（22.9億元）、雲林縣（18.8億元）、屏東縣（12.7億元）、台南市（11.9億元）、高雄市（8.6億元）。但按次數計，屏東縣受影響最嚴重，16次災情占了15次；六都的高雄市14次、台南市13次；嘉義縣、雲林縣、彰化縣、台東縣則占11次。
身為「颱風第一排」的台東縣，受災次數雖較少，但兩年來總計農損最多，主因為2023年海葵颱風重創台東縣，單次農損就已達11億元，意味著一個颱風就占了台東縣兩年以來的48%農損。
同樣值得關注的是，農田流失與埋沒（農田損失）的面積，也構成各縣市農損金額一部分。據農糧署資料，這兩年多以來，全台農田損失達416公頃，而南部農田占一半，達208.6公頃，當中以高雄市為主，有148公頃；中部及東部分別損失87及78.3公頃，北部也有42公頃。
註釋
[1]
農糧署農損總金額計算方式為農作物損失＋養蜂損失＋農田損失＋農業設施損失
[2]
通報農損地區包括︰
北台灣︰台北市、新北市、基隆市、桃園市、新竹縣、宜蘭縣
中台灣︰苗栗縣、台中市、彰化縣、南投縣、雲林縣
南台灣︰嘉義市、嘉義縣、台南市、高雄市、屏東縣
東台灣︰花蓮縣、台東縣
離島︰澎湖縣、金門縣
延伸閱讀
0728豪雨事件持續一週 累積雨量逼近莫拉克颱風
巨大的怪獸 氣候變遷如何讓颱風越來越強？
【島在現場】丹娜絲颱風強風吹過，現場實錄
相關文章
澎湖150隻黑面琵鷺過境創新高、冰島首度發現蚊子、英國科學家培育出抗豬瘟品種豬隻
2025/10/23
能源業務首度脫離產業 韓國新「氣候能源環境部」如何走出四難困局？
2025/10/22
恆春半島又現狂犬病鼬獾、研究指美肉類消費碳排直逼化石燃料、賽普勒斯野貓氾濫成災
2025/10/22
強風揚塵雲嘉南空品一度「紫爆」、新北動保處成功孵化黑眉錦蛇、全球暖化讓北海道成為葡萄酒產區
2025/10/21
川普祭關稅、簽證威脅 全球海運碳費延後一年再議
2025/10/20
中山大研究揭颱風幫海洋深呼吸、風神過境菲律賓釀8死、美國蓋資料中心引發鄰避效應
2025/10/20
氣候變遷
台灣新聞
颱風
強降雨
豪雨
水災
天災
作者
袁慧妍
喜歡上山下海。從山山水水裡看見別人，也看見自己。"
https://e-info.org.tw/taxonomy/term/5,8,重挫電動機車產業？ 立院三讀燃油車貨物稅減免延至2030年、最高10萬元,https://e-info.org.tw/node/242048,2025-08-29 18:19,"台灣新聞
重挫電動機車產業？ 立院三讀燃油車貨物稅減免延至2030年、最高10萬元
2025年08月29日
環境資訊中心記者 李蘇竣報導
分享到Facebook
分享到Line
分享到Twitter
環境資訊中心記者 李蘇竣報導
立法院會今（29）日三讀修正通過《貨物稅條例》，汽機車汰舊換新減徵貨物稅期限延長至2030年底、新購汽機車也可減徵。汰舊換新汽車最高減徵10萬元、機車最高6000元。不過，電動車產業擔憂，修法缺乏配套措施，將衝擊第一線電動車業者，更影響運具電動化轉型進度。
汽車汰舊換新最高可減徵新台幣10萬元貨物稅、機車最高6000元。圖片來源：SMAT台灣智慧移動產業協會提供
延長汰舊換新、新購也優惠 汽車最高10萬、機車最高6000
為了推動節能減碳，政府鼓勵車主汰舊換新，可享有減徵貨物稅優惠，政策原定於明（2025）年1月7日到期。立法院院會今日三讀通過《貨物稅條例》修正條文，延長汽機車汰舊換新減徵貨物稅期限至2030年12月31日止。
三讀條文更新增「購買新車」也可享有減徵優惠。2030年底前新購排氣量150cc以下機車，每輛減徵2000元；新購排氣量2000cc以下小客車並掛牌，每輛減徵貨物稅5萬元。
換句話說，如果加上既有延長汰舊換新優惠，機車汰舊換新優惠4000元，新購150cc以下機車最高可享6000元貨物稅減免；汽車汰舊換新減徵5萬元，新購車輛又符合標準，最高可達10萬元。
財政部說明，舊車車齡，機車為4年以上、汽車為10年以上。
目標差距大！ 去年電動汽車市售比9% 電動機車10%
根據2050淨零路徑規劃，交通部目標在2040年達到電動小客車、電動機車市售比100%，其中2025年要達成電動小客車市售比10%、電動機車20%。
根據公路局資料，去（2024）年度新車領牌數資料換算，去年電動汽車市售比約9%、電動機車約10%，距離目標仍有落差，又以機車的差距幅度最大。
電動機車業者：反對油車誘因提高「第一線業者情何以堪？」
台灣智慧移動產業協會（SMAT）發布聲明指出，電動機車銷售占比停滯多年，政府目標提高電動機車市售比，卻反手調降燃油機車貨物稅，缺乏配套措施，恐重挫電動機車產業，延宕台灣運具電動化轉型進程。
SMAT表示，產業界能理解調整貨物稅是因應關稅談判的必要措施，但缺乏電動機車產業的配套，恐導致市場走回頭路，讓多年來的電動化努力付諸流水。呼籲政府即時評估《貨物稅條例》修正對油電轉型的長期隱憂，盡速補強配套，避免響應政策積極轉型的電動機車行被迫關門倒閉。
聲明稿也引述新北市機車公會三蘆分會會長洪宗寶的說法，他表示，第一時間響應政府運具電動化政策，結果電車補助逐年縮水，最近明顯感受到客人詢問油車意願更高，造成電動機車行接連收掉，「叫第一線業者情何以堪？」
SMAT表示，缺乏配套將衝擊第一線電動車行，影響運具電動化進程。圖片來源：SMAT提供
還有哪些電動車補助優惠？ SMAT再喊「333政策」
電動機車目前仍有其他補助，民眾用汰舊換新的方式購入電動機車，經濟部補助最高可達8000元，環境部至少有額外補助2800元。地方政府也有空氣污染防制基金多元加碼補助，新購或汰舊從1000元到2.2萬元不等。但這些補助計畫期程到2026年底，明年才會討論是否延長。
財政部也公告《使用牌照稅法》修正案，授權地方政府，可以延長電動車免徵牌照稅4年，至2029年12月31日止，這也是第五度延長電動車免徵牌照稅。除此之外，原定電動車要比照燃油車繳交「汽車燃料使用費」，也因為電動車數量未達標準，外界預估最快2030年才會開始收費。
SMAT呼籲，「電動機車333政策」已是產業共識，包括經濟部提供機車行銷售電動機車獎勵金3000元、環境部恢復新購電動機車補助3000元，以及交通部補助使用者電池資費每月300元。
延伸閱讀
電動機車補助再加碼 汰舊換新最高領3.3萬元
【8年來，生活有什麼不一樣？】汽機車電動化浪潮襲來——你有心動跟著換車嗎？
2030公車電動化、2040汽機車電動化 交通部提運具淨零關鍵戰略
相關文章
DAKA再生資源利用中心正式啟用 台泥如何轉廢為能？
2025/10/23
台灣第一份無碳電力報告：2030年可滿足全國5%用電使用八成CFE
2025/10/22
「購車現實」卡在哪？ SMAT：今年電動機車市售比僅6.8% 民眾盼補助直達消費者
2025/10/20
中山大研究揭颱風幫海洋深呼吸、風神過境菲律賓釀8死、美國蓋資料中心引發鄰避效應
2025/10/20
稀土成美中貿易戰場 對全球與台灣影響一次看
2025/10/20
英國地下鹽穴重回能源轉型舞台 首座綜合綠氫基地2029年將啟用
2025/10/17
能源轉型
台灣新聞
電動車
空污
電動運具
淘汰舊車
減碳
深度低碳新聞
作者
李蘇竣
生在台灣，活在台灣，我們都是山與海的子民。"
https://e-info.org.tw/taxonomy/term/5,8,打開「Poh Poh ! ina 的百草箱」 看見原民傳統醫療的柔性力量,https://e-info.org.tw/node/242023,2025-08-29 13:53,"生物多樣性
台東
台灣新聞
原住民文化
原住民傳統領域
原住民
野生植物
展覽
作者
蕭紫菡
蕭紫菡，政大新聞系畢，現任《環境資訊電子報》、《故事：寫給所有人類的歷史》、《50+plus》、《人物誌》等特約記者，悠遊於文字與劇場之間。"
https://e-info.org.tw/taxonomy/term/5,8,基市府列協和電廠45公頃為污染場址 環境部：沒完成整治就沒有開發利用,https://e-info.org.tw/node/242037,2025-08-29 10:29,"台灣新聞
基市府列協和電廠45公頃為污染場址 環境部：沒完成整治就沒有開發利用
2025年08月29日
環境資訊中心記者 陳昭宏報導
分享到Facebook
分享到Line
分享到Twitter
環境資訊中心記者 陳昭宏報導
針對協和電廠土污案，環境部行政調查
報告
昨（28）日出爐。基隆協和四接案於2月通過環評，但在大會前民團即爆料，廠內土壤污染超標，且環說書隻字未提。環境部長彭啓明事後承諾對此展開調查。調查小組召集人、環境部次長沈志修昨強調，「沒有完成整治，就沒有開發利用」。
此外，基隆市府27日將協和電廠共45公頃工作區範圍公告為「污染控制場址」，台電須在六個月內完成細部調查、並提污染控制計畫，日後完成整治後才能開發。
環境部次長沈志修為協和電廠土壤污染案調查小組的召集人。攝影：陳昭宏
環境部找台電了解 有無隱匿土污情事
環境部長彭啓明承諾對協和土污案辦理行政調查，由次長沈志修邀集7名專家及部內相關單位組成調查小組，昨日完成調查報告。
環境部調查報告揭露，台電在2014～2021年間共進行五次自主調查，早已掌握328個土壤調查點位中，有56處超標。在2014、2015年前兩次調查中，台電對全國性電廠進行土壤污染普查發現，協和電廠的灰倉區、廢鐵區有鎳、銅土污狀況，後續已完成改善。
第3～5次調查發生在2019～2021年間，當時台電依《土污法》為未來變更用地產業類別作準備，調查發現廢水處理廠、油槽區、一和二號機組、開關廠區、灰倉區及鄰近用地土壤有多氯聯苯、總石油碳氫化合物、及重金屬鎳、銅、鉻等污染。環境部土壤及地下水污染整治基金管理會（土基會）轉述台電說法表示，當時因廠區有許多建物及設備未拆，且污染整治需先掌握更細緻狀況，才未立即進行改善。
協和電廠土壤污染調查時間序。圖片來源：擷取自協和電廠土壤污染調查報告
由於歷次調查資訊，均未在環說書中揭露，外界質疑台電是否故意隱匿歷次調查資訊？環境部表示，公民團體已提出告發，應由檢調單位釐清，環境部可提供檢調單位調查資訊。環保司司長徐淑芷則表示，若法院認定有違法事實，代表環評案件有瑕疵，未正面回應是否訴訟結果可能導致環評翻案。
今年2月，環境部在協和電廠更新改建計畫（四接案）
環評大會
上表示，土污整治與環評屬不同程序，決議先通過環評，但要求台電將過往土污調查結果納入環說書，依《土污法》完成整治後才可開發。
土基會在報告中轉述台電未揭露過去調查資料的理由。台電認為，自主調查屬既有機組的營運資料，而環評範疇界定只要求調查特定點位，因此未揭露過去資訊。沈志修指出，台電未完全開誠布公，可能是「希望環評過程不要節外生枝、希望環評早點通過。」他也強調，環境部的調查不會幫台電背書。
環境部報告指出，台電在2014～2021年之間，曾在協和電廠進行五次土壤污染自主調查，皆發現超標情形。圖片來源：擷取自環境部簡報
環境部強調 整治完才能開發
四接土污到底多嚴重？沈志修表示，基市府6月進廠調查，發現175點位中有五點位超標。其中一、二號機組範圍每公斤土壤所含總石油碳氫化合物達4萬2400毫克，為管制值42倍；廢水處理區每公斤土壤所含鎳也達1500毫克、灰倉區365毫克，遠超出管制值200毫克。
基隆市府27日已將協和電廠中的45公頃公告為「污染控制場址」，土基會副執行秘書王禎表示，台電須在六個月內完成細部調查，同時擬定污染控制計畫送交市府，若調查發現污染太嚴重，也可能改列「污染整治場址」進一步限制土地買賣、移轉、分割。
沈志修強調，污染場址「一定要完成整治才能開發利用」。然而《土污法》第17條則規定，若經中央主管機關同意，土污管制區仍可開發。沈志修則承諾不會輕易放行，「沒有完成整治，就沒有開發利用」。
沈志修另指出，受限範圍只有45公頃土地，若業者選擇先開發海上填海造陸區域，也須自行承擔相對風險。
台電昨日發布新聞稿表示，土污整治完成後才會進行新燃氣機組興建工程。至於協和改建進度是否受影響？台電僅表示，會努力整治，早日實現以氣換油的目標。
四接案在今年2月通過環評審查。攝影：陳昭宏
延伸閱讀
四接環評過關 衝突聲中環委一致通過 民團喊話：環評不是最終戰場
環團控四接土污超標點位再增11處 歷來超標點位有39處
相關文章
禁廚餘養豬，全台每日2000噸廚餘去哪裡？ 四個問題看環境部最新盤點情形
2025/10/23
全球合作40年有成：南極臭氧層破洞縮小 本世紀中葉有望復原
2025/10/22
中國空氣污染西移，背後原因是什麼？
2025/10/20
環境部研議水面光電納環評 破損光電板水質檢測無虞
2025/10/17
光電謠言不斷 七大公協會闢謠：水庫光電板只用清水洗
2025/10/15
影響內分泌且會累積體內 環境部預告禁用甲氧滴滴涕
2025/10/14
污染治理
台灣新聞
協和電廠
四接
土壤污染
控制場址
台電
作者
陳昭宏
探索矇矓中開展的世界、滲透身體的網，與身體和環境結盟，共同行動。"
https://e-info.org.tw/taxonomy/term/5,8,內閣改組16人名單 會帶來能源轉型新氣象嗎？,https://e-info.org.tw/node/242035,2025-08-28 21:23,"氣候變遷
台灣新聞
新內閣
行政院
經濟部
AI
氣候政策
作者
李蘇竣
生在台灣，活在台灣，我們都是山與海的子民。
陳昭宏
探索矇矓中開展的世界、滲透身體的網，與身體和環境結盟，共同行動。"
https://e-info.org.tw/taxonomy/term/5,9,綠保標章走過15年 「田裡交會的腳印」看展、集章都在保育小站,https://e-info.org.tw/node/242029,2025-08-28 17:41,"生物多樣性
土地利用
台北
台灣新聞
綠保標章
石虎
友善耕作
作者
廖靜蕙
環境記者／自由撰稿人，致力於生物多樣性主流化。從事社工10餘年，認知到再弱勢的人都可以為自己發言，決定轉投生態保育，為無法以人類語言發聲的生命與土地寫報導。現居台北市，有貓、有龜，以及一些過客。個人粉專「
小麻通訊
」。"
https://e-info.org.tw/taxonomy/term/5,9,縱谷原遊會邁入第五年 以「保存」為題重現部落沒有冰箱的年代,https://e-info.org.tw/node/242030,2025-08-28 16:55,"土地利用
花蓮
台灣新聞
花東縱谷
原住民文化
作者
蕭紫菡
蕭紫菡，政大新聞系畢，現任《環境資訊電子報》、《故事：寫給所有人類的歷史》、《50+plus》、《人物誌》等特約記者，悠遊於文字與劇場之間。"
https://e-info.org.tw/taxonomy/term/5,9,屈公病與登革熱：氣候變遷下的病媒蚊Q&A,https://e-info.org.tw/node/241988,2025-08-27 18:41,"氣候變遷
台灣新聞
屈公病
登革熱
病媒蚊
深度低碳專題
作者
鍾依靜
數據是另一種語言。
擅長說話，但喜歡不會說話的山、海、動植物。
The proof of the pudding."
https://e-info.org.tw/taxonomy/term/5,9,省電燈泡不比LED燈省電！ 環境部燈泡回收抽獎活動開跑,https://e-info.org.tw/node/242024,2025-08-27 17:11,"台灣新聞
省電燈泡不比LED燈省電！ 環境部燈泡回收抽獎活動開跑
2025年08月27日
環境資訊中心記者 陳昭宏報導
分享到Facebook
分享到Line
分享到Twitter
環境資訊中心記者 陳昭宏報導
你家用的是LED燈，還是省電燈泡？環境部表示，省電燈泡、白熾燈泡、螢光燈管等傳統照明，近年已陸續在市場上被更環保的LED燈取代。然而，仍有部分舊燈泡未被好好回收，為了讓更多燈泡進入循環體系，環境部和業者合作，9月9日至10月31日，民眾至全台600家指定門市回收燈泡或購買LED燈，就可享有抽獎、優惠或會員點數。
傳統照明包括白熾燈泡、螢光燈管、省電燈泡等，能源效率都較差且成分含汞。攝影：陳昭宏
省電燈泡等傳統照明含汞且能效差 近年逐被LED燈取代
一般電燈可分為傳統照明和LED照明，過去常見的白熾燈泡、螢光燈管，由於能源效率低、成分含具毒性的汞，都被歸類在傳統照明，近年已逐漸被淘汰。值得一提的是，大家常說的省電燈泡，比起LED燈仍然較耗電、材料也包含汞。
資源循環署回收基管會第二分組長鄭安利表示，相比於省電燈泡，LED燈泡壽命延長三倍、耗電量減少三成、排碳量低三成、一年可少省102元電費。隨著
能效規範更新
、民眾節能意識提升，再加上國際限汞趨勢，近九成傳統照明已陸續被LED照明取代，但不少人家中依然還有傳統燈泡，且舊燈泡汰換下來後，也常未好好回收。
「照明光源是個很不錯的資源循環回收物！」鄭安利說明，燈泡進入回收體系後，會破碎後分選出玻璃、鐵、鋁、塑膠等四類主要再生料。廢玻璃可摻配至地磚等建材，廢鐵、廢鋁則可再製成金屬製品，廢塑膠也常被做成路燈的燈殼。
鄭安利表示，廢照明光源為環境部公告的應回收廢棄物，民眾若有壞掉的燈管、燈泡，可放進燈具紙盒裡，或用紙材妥善包裹，標明內容物後直接交給清潔隊。近年環境部也和燈具販賣業者合作，民眾可至店家回收廢燈泡、燈管。
燈泡進入回收體系後，會破碎後分選出玻璃、鐵、鋁、塑膠等四類主要再生料。攝影：陳昭宏
提升1%回收率節電2.2億度 環境部推汰舊換新抽燈具
為了讓更多傳統照明進入循環體系，環境部今（27）日宣布將舉辦「照明亮久久、減廢新生活：照明光源汰舊換新推廣」活動，民眾在今（2025）年9月9日至10月31日，到全台600家指定門市回收燈管、燈泡或購買LED燈具，可參加各家業者推出的抽獎、折扣或集點活動。
民眾週六到特力屋每回收一顆燈泡，可獲得會員點數三點；至光南批發回收並購買兩顆LED燈，可獲得會員點數五點。至家樂福、舞光、樂亮、振宇五金等店家購買LED燈，也可參加抽獎，獎項包括吸頂燈、工作燈、層板燈等。其他包含愛買、東亞照明、亮博士也有消費或回收享折扣的優惠。
台灣區照明燈具輸出業同業公會理事長李世宗表示，美國和歐洲20多年來，已經意識到汞照明對環境的巨大衝擊，開始限制相關產品進出口，LED燈已成為人類照明的主力，業界也正全力配合轉型、並與循環署部合作舊照明回收。
鄭安利表示，從2002～2024年，台灣共消費10.6萬噸傳統燈泡，目前回收量已累積達9.9萬噸，回收率約93%；若再提升1%回收率，將1100萬顆省電燈泡換成LED燈泡，約可減廢48.4萬公斤、減碳1.1億公斤、節電2.2億度。
循環署今日宣布與多家業者合作，推出「照明亮久久、減廢新生活：照明光源汰舊換新推廣」活動，目標增加1100萬顆傳統燈泡回收。攝影：陳昭宏
延伸閱讀
螢光燈發光效率差 能源局擬提高能效規定 促吃電怪獸退場
認購「碳權」挺公益 社福機構換老舊燈具 成全台首創公益碳權專案
省電燈泡並不省電
相關文章
全台禁廚餘餵豬 廚餘回歸堆肥、焚化、掩埋 哪些縣市首當其衝？
2025/10/23
循環經濟路徑圖草案亮相 拚2050年經濟成長與資源消耗脫鉤
2025/10/22
丹娜絲風災提前吹出光電板汰役問題 立委憂處理量能、災損兩頭賠
2025/10/20
每個月會收到幾份帳單？ 電子跟紙本比 環境影響差距上百倍！
2025/10/14
電風扇是國人最常修理家電 環境部全台維修串聯活動10/18登場
2025/10/03
從高壓清洗機到電鋸都可借 全美近80家「工具圖書館」提供永續生活好選擇
2025/10/03
循環經濟
台灣新聞
燈泡
照明
省電燈泡
LED
能源效率
深度低碳新聞
作者
陳昭宏
探索矇矓中開展的世界、滲透身體的網，與身體和環境結盟，共同行動。"
https://e-info.org.tw/taxonomy/term/5,9,文具控必看 小鳥摺紙結合森林遊樂區 新竹分署發表新品牌「山．五度圈」,https://e-info.org.tw/node/242017,2025-08-27 10:37,"生物多樣性
台北
新竹
台灣新聞
林業及自然保育署
文創
作者
廖靜蕙
環境記者／自由撰稿人，致力於生物多樣性主流化。從事社工10餘年，認知到再弱勢的人都可以為自己發言，決定轉投生態保育，為無法以人類語言發聲的生命與土地寫報導。現居台北市，有貓、有龜，以及一些過客。個人粉專「
小麻通訊
」。"
https://e-info.org.tw/taxonomy/term/5,9,神奇海藻「海門冬」可減少牛羊99%甲烷排放 水試所首創人工量產技術,https://e-info.org.tw/node/242018,2025-08-27 10:04,"台灣新聞
神奇海藻「海門冬」可減少牛羊99%甲烷排放 水試所首創人工量產技術
2025年08月27日
環境資訊中心記者 李蘇竣報導
分享到Facebook
分享到Line
分享到Twitter
環境資訊中心記者 李蘇竣報導
牛、羊等動物腸道發酵會產生甲烷，是全球第二大溫室效應來源。農業部水試所昨（26）日發表量產「海門冬」養殖技術，經國內研究實證，只要在飼料中加入1%的海門冬，就可以減少99.82%的甲烷排放。
海門冬乾燥製成粉末可混入飼料中。攝影：李蘇竣
海門冬可抑制99.8%甲烷排放 減碳效益「1比1萬」
畜牧業養殖的牛、羊等反芻動物，其腸道發酵產生之甲烷，暖化潛勢是二氧化碳的84倍，成為氣候變遷重點防治目標之一。根據台灣的最新溫室氣體排放清冊，2023年畜禽腸胃發酵的甲烷排放，占農業部門溫室氣體的的19%。
國外研究發現，在動物飼料中加入海藻「海門冬」，有助減少甲烷排放。農業部水產試驗所昨日宣布，成功開發「海門冬」人工養殖量產技術。水試所說明，國內實驗發現，如果在飼料中添加0.5%的野生海門冬，只能抑制91.24%的甲烷排放，但投入人工養殖的海門冬，抑制率則高達98.30%；若添加量提高到1%，抑制率更可達99.82%，相當驚人。
為什麼海門冬那麼厲害？水試所助理研究員許自研說明，海門冬含有「溴仿」成分，可以在牛的瘤胃（rumen）中，搶先與生產甲烷的菌種結合，像是產甲烷菌的「狂熱粉絲」，中斷原本甲烷的合成途徑，從而減少牛羊的甲烷排放量。
水試所所長張錦宜說，台灣一隻牛每年排放的甲烷約是10噸二氧化碳當量，約等於1公頃大安森林公園一整年可以吸收的二氧化碳量。而海門冬的生產設備只要占地1平方公尺，就能抵掉近1萬平方公尺的吸收量，可說是「1比1萬的減碳潛力」。
海門冬又稱蘆筍藻，可食用，我國野生海門冬族群數量不多，零星分布在澎湖、小琉球、恆春半島等地。圖片來源：農業部提供
首創量產技術潛藏碳權商機 已落地生產奶酪
海門冬又被稱為蘆筍藻，外型像是陸生的蘆筍，吃起來口感清爽，更是傳統夏威夷蓋飯的經典配菜之一，在國內則少量被做為中藥材。
水試所表示，我國野生海門冬零星分布在澎湖、小琉球、恆春半島等地，但族群數量不多，會隨著季節消長。海門冬人工養殖相當困難，必須排除其他綠藻、藍綠藻等干擾，經過測試長達6年才成功。最終發現常見蘆筍狀外觀的海門冬其實是「成年期」的配子體，改為繁殖「青少年」時期的四分孢子體成功率更高，且溴仿的含量也較高。
水產試驗所成功研發海門冬陸上養殖技術。圖片來源：農業部提供
左側標本為海門冬「成年期」的配子體，右側為「青少年」時期的四分孢子體，因體積小須透過顯微鏡才能完整觀察。攝影：李蘇竣
目前，海門冬量產技術已成功技轉予國內高科生技公司。高科生技負責人羅仁隆受訪表示，接下來要擴大海門冬生產規模，期待將成本進一步壓低 ，才能投入更多養殖牧場，滿足食品業者的ESG需求，或是賣往國外；更長遠來看，也可以往碳權方向推動，但目前尚缺方法學。
羅仁隆表示，希望政府的畜牧業減碳政策可以多多跟進，並且建立相關減碳方法學，協助建立國內市場。因為國外部份國家已經開始要求畜牧產品提出甲烷含量，未來這類低碳畜牧產品成為國際趨勢的時候，台灣才不會落後腳步。
低甲烷排放乳製品。攝影：李蘇竣
日果乳坊也合作試驗餵食添加海門冬的飼料，在昨日發布會展出供賓客試吃。水試所長張錦宜自嘲是「甜點控」，尤其喜歡吃奶酪，但近年面對全球減碳壓力，吃高碳排的乳製品總是特別心虛，如今誕生低甲烷排放的乳製品，終於可以吃上一口「心安理得」的奶酪。
農業部水產試驗所成功開發「海門冬」人工養殖量產技術。攝影：李蘇竣
延伸閱讀
全球首款 「吃海藻的牛」牛奶上市 牛屁溫室氣體少了25%
牛羊排氣加劇暖化 紐西蘭科學家三策略改造畜牧業
創農業碳稅首例 丹麥每頭牛繳台幣3000元「牛屁稅」
相關文章
鍾蕙先、廖君珮／阿布達比世界保育大會 發展海洋OECM的啟示
2025/10/22
中山大研究揭颱風幫海洋深呼吸、風神過境菲律賓釀8死、美國蓋資料中心引發鄰避效應
2025/10/20
台日合作揭遠洋鮪魚供應鏈黑幕、洛杉磯斷崖野火嫌犯遭控惡意縱火、2024二氧化碳年增量創新高
2025/10/16
種珊瑚不該只是打卡活動！ 海洋專家警告錯誤復育變漂綠
2025/10/16
《公海條約》明年生效 你需要知道的事
2025/10/15
回顧40年漂泊 世界最大、最古老冰山A23a面臨最後大崩解
2025/10/08
海洋
氣候變遷
台灣新聞
甲烷
畜牧業
碳匯
減碳
溫室氣體
深度低碳新聞
作者
李蘇竣
生在台灣，活在台灣，我們都是山與海的子民。"
https://e-info.org.tw/taxonomy/term/5,9,小鳥喝光電紅水暴斃為AI假影片 環境部：已報請檢察機關追查,https://e-info.org.tw/node/242015,2025-08-26 18:07,"台灣新聞
小鳥喝光電紅水暴斃為AI假影片 環境部：已報請檢察機關追查
2025年08月26日
整理：吳奇諺（環境資訊中心記者）
分享到Facebook
分享到Line
分享到Twitter
整理：吳奇諺（環境資訊中心記者）
隨著人工智慧（AI）技術發展，網路上流傳著越來越多假影片。近日社群流傳一隻鳥喝了「光電紅水」暴斃的影片。事實查核中心指出，經查證此為AI製作之假影片。環境部今日發布新聞稿表示，已報請檢察機關追查來源，追究相關責任。
網路流傳一隻鳥喝了光電棄置區的紅水後死亡，實為AI製作假影片。圖片來源：截取自台灣事實查核中心
鳥喝光電板污染紅水而死亡？ 查核單位：AI生成影片
近日一則「小鳥喝光電板紅水後秒暴斃」影片，搭配「居然這麼毒！太陽能板漏出內部紅水」、「小鳥喝了兩口被太陽能板污染的水，立刻暴斃」等文字流傳社群媒體，引發討論。經
台灣事實查核中心
等查核單位查證，證實該影片是由AI生成。
事實查核中心表示，經調查溯源發現，這則從Threads流傳起的影片，創作者曾於影片貼文留言，表示此為AI製作，但如今該帳號已關閉；另外，事實查核中心也利用AI工具檢測，判斷影片極可能以AI生成。
針對影片中鳥類，事實查核中心則邀請中華民國野鳥學會秘書長呂翊維協助查核，他指出如果單純從外觀判斷，台灣近700種野生鳥類中，不存在網傳影片中的鳥類；由於影片畫面不清晰，也難以比對是否為國外其他類似的鳥種。
呂翊維也指出，影片裡鳥的聲音明顯與動作姿態不吻合，且影片裡的鳥叫聲接連不斷，但實際上鳥類喝水時不可能發出鳴唱聲；另外，鳥倒地時影片傳出「落水」音效，聽起來也很不自然。
環境部環管署人員至新庄滯洪池現場採樣檢測。圖片來源：環境部 提供
光電暫置區為何有紅水？ 環境部調查：農地腐植土造成
影片背景出現堆置廢光電板，地上則有一灘紅水，部分傳言提及是位於嘉義縣義竹鄉的新庄滯洪池，《
自由時報
》等媒體亦有報導該地出現紅色水窪。環境部今（26）日發布新聞稿指出，環境部7日曾派員至新庄滯洪池的暫置場，但操作過程及暫存場並未發現有紅色水流出。
環境部表示，經檢測現場採集的紅色水，得出pH值為6.79，也未檢出油脂及銅、鋅、鎳、鉛、鎘、總鉻、汞等重金屬，僅有砷檢測值為0.0535 mg/L，判定應為該農地既有之潛勢值；另檢測出化學需氧量（COD） 340 mg/L，研判為農地內既有的腐植土造成。
環境部說明，因為腐植土內含腐植酸，而造成紅色水現象。環境部長彭啟明16日也自現場視察，確認相關業者已依規定完成清除，現場並未發現廢棄光電板等廢棄物暫置情形及其他污染來源，且旁邊的農地未曾有廢棄光電板暫置情形，亦看到類似紅褐色水質現象，證實為農地內既有的腐植土所造成。
自7月底丹娜絲颱風過境至今，新庄滯洪池廢光電板尚未清除。環境部表示，目前該地光電場營運商元昱公司已依規定向地方單位提出清理計畫書，正由主管機關審核中。環境部強調，若業者怠忽責任，導致環境遭受污染，環境部將積極阻斷營運，依法追訴刑責，並要求業者恢復環境。
至於惡意製作、散布假資訊影片者，環境部表示，將配合司法機關嚴正追查，以追究造假及散布不實訊息之責任。
嘉義縣新庄滯洪池1日現場空拍清理照片。圖片來源：環境部 提供
延伸閱讀
AI偽造虎鯨攻擊人類影片竄紅 為什麼我們容易相信這類消息？
颱風毀14.5萬片光電板輿論憂污染 環境部：水質檢測無異常
丹娜絲颱風襲中南部 釀71萬戶停電、屏東海上光電浮台被吹散
相關文章
DAKA再生資源利用中心正式啟用 台泥如何轉廢為能？
2025/10/23
台灣第一份無碳電力報告：2030年可滿足全國5%用電使用八成CFE
2025/10/22
「購車現實」卡在哪？ SMAT：今年電動機車市售比僅6.8% 民眾盼補助直達消費者
2025/10/20
中山大研究揭颱風幫海洋深呼吸、風神過境菲律賓釀8死、美國蓋資料中心引發鄰避效應
2025/10/20
稀土成美中貿易戰場 對全球與台灣影響一次看
2025/10/20
英國地下鹽穴重回能源轉型舞台 首座綜合綠氫基地2029年將啟用
2025/10/17
能源轉型
台灣新聞
太陽能光電板
光電廢水
AI
事實查核
水上太陽光電
作者
吳奇諺
編輯／旅人／觀察者
走過山與海，願它能永遠美麗。"
https://e-info.org.tw/taxonomy/term/5,9,桃園、台南石化空污風險高 85%居民住在距離石化設施不到5公里,https://e-info.org.tw/node/242010,2025-08-26 10:00,"污染治理
台灣新聞
石化業
林園工業區
中油
空氣污染
健康風險
塑膠
深度低碳新聞
作者
陳昭宏
探索矇矓中開展的世界、滲透身體的網，與身體和環境結盟，共同行動。"
https://e-info.org.tw/taxonomy/term/5,9,湧泉、野溪、吃河產 美濃農地滯洪為何與地方產業永續有關？,https://e-info.org.tw/node/242003,2025-08-25 15:12,"土地利用
氣候變遷
高雄
美濃
台灣新聞
滯洪
地下水
湧泉
氣候變遷調適
水圳
作者
李育琴
站在南方的土地，用平躺的島嶼歷史視角，說環境與人的故事。炙風拂面，腳踏黏土之時，試著讓心保持冷靜。"
https://e-info.org.tw/taxonomy/term/5,9,一場「失敗」不意外的公投：南北投票差異大、地面戰、藍綠對決 學者分析原因,https://e-info.org.tw/node/241998,2025-08-24 01:23,"能源轉型
台灣新聞
重啟核三公投
深度低碳新聞
作者
李蘇竣
生在台灣，活在台灣，我們都是山與海的子民。
陳昭宏
探索矇矓中開展的世界、滲透身體的網，與身體和環境結盟，共同行動。
袁慧妍
喜歡上山下海。從山山水水裡看見別人，也看見自己。"
